sessionID,subjectID,repetition,IPregime,voted,points,royalties_in,royalties_out,percasked,day,month,time,vote,info,experimenters,comment,showupfee,votechr,voteresult
1,101,1,IP,1,64,14,0,34.285714285714285,12,12,18h,VOTE,NONINFO,isma,NA,15,IP,winner
1,101,2,noIP,1,58,0,0,NA,12,12,18h,VOTE,NONINFO,isma,NA,15,IP,loser
1,102,1,IP,1,32.2,3.2,3,51.25,12,12,18h,VOTE,NONINFO,isma,NA,15,IP,winner
1,102,2,noIP,1,48,0,0,0,12,12,18h,VOTE,NONINFO,isma,NA,15,IP,loser
1,103,1,IP,0,59.8,0,14.2,54,12,12,18h,VOTE,NONINFO,isma,NA,15,noIP,loser
1,103,2,noIP,0,53,0,0,0,12,12,18h,VOTE,NONINFO,isma,NA,15,noIP,winner
1,104,1,IP,0,39.9,12.5,9.6,68.57142857142857,12,12,18h,VOTE,NONINFO,isma,NA,15,noIP,loser
1,104,2,noIP,0,78,0,0,0,12,12,18h,VOTE,NONINFO,isma,NA,15,noIP,winner
1,105,1,IP,1,44.1,15.1,6,52.857142857142854,12,12,18h,VOTE,NONINFO,isma,NA,15,IP,winner
1,105,2,noIP,1,54,0,0,0,12,12,18h,VOTE,NONINFO,isma,NA,15,IP,loser
1,106,1,IP,0,76,3,15,62,12,12,18h,VOTE,NONINFO,isma,NA,15,noIP,loser
1,106,2,noIP,0,54,0,0,0,12,12,18h,VOTE,NONINFO,isma,NA,15,noIP,winner
1,107,1,IP,0,67.5,10.5,1,62.22222222222222,12,12,18h,VOTE,NONINFO,isma,NA,15,noIP,loser
1,107,2,noIP,0,59,0,0,0,12,12,18h,VOTE,NONINFO,isma,NA,15,noIP,winner
1,108,1,IP,0,34.5,7.5,13,91.42857142857144,12,12,18h,VOTE,NONINFO,isma,NA,15,noIP,loser
1,108,2,noIP,0,68,0,0,NA,12,12,18h,VOTE,NONINFO,isma,NA,15,noIP,winner
1,109,1,IP,0,36,4.5,8.5,68.75,12,12,18h,VOTE,NONINFO,isma,NA,15,noIP,loser
1,109,2,noIP,0,48,0,0,0,12,12,18h,VOTE,NONINFO,isma,NA,15,noIP,winner
1,110,1,IP,1,51.5,16.4,2.9,60,12,12,18h,VOTE,NONINFO,isma,NA,15,IP,winner
1,110,2,IP,1,54,12.1,11.1,80,12,12,18h,VOTE,NONINFO,isma,NA,15,IP,winner
1,111,1,IP,1,49,0.9,18.9,77,12,12,18h,VOTE,NONINFO,isma,NA,15,IP,winner
1,111,2,IP,1,30.5,1.6,12.1,61.25,12,12,18h,VOTE,NONINFO,isma,NA,15,IP,winner
1,112,1,IP,1,15.5,4.5,0,13.333333333333334,12,12,18h,VOTE,NONINFO,isma,NA,15,IP,winner
1,112,2,IP,1,38.5,9.5,0,37.142857142857146,12,12,18h,VOTE,NONINFO,isma,NA,15,IP,winner
1,113,1,IP,1,50.1,8.3,7.199999999999999,48.888888888888886,12,12,18h,VOTE,NONINFO,isma,NA,15,IP,winner
1,113,2,noIP,1,64,0,0,0,12,12,18h,VOTE,NONINFO,isma,NA,15,IP,loser
1,114,1,IP,0,52.9,9.9,18,50,12,12,18h,VOTE,NONINFO,isma,NA,15,noIP,loser
1,114,2,noIP,0,72,0,0,0,12,12,18h,VOTE,NONINFO,isma,NA,15,noIP,winner
1,115,1,IP,1,61,16.9,9.9,55,12,12,18h,VOTE,NONINFO,isma,NA,15,IP,winner
1,115,2,noIP,1,56,0,0,0,12,12,18h,VOTE,NONINFO,isma,NA,15,IP,loser
2,201,1,IP,NA,35.9,3.9,8,52,13,12,17h30,NONVOTE,INFO,isma,NA,15,novote,novote
2,201,2,noIP,NA,42,0,0,0,13,12,17h30,NONVOTE,INFO,isma,NA,15,novote,novote
2,202,1,IP,NA,75.4,11.8,9.4,70,13,12,17h30,NONVOTE,INFO,isma,NA,15,novote,novote
2,202,2,noIP,NA,58,0,0,0,13,12,17h30,NONVOTE,INFO,isma,NA,15,novote,novote
2,203,1,IP,NA,33.7,7.5,5.8,53.333333333333336,13,12,17h30,NONVOTE,INFO,isma,NA,15,novote,novote
2,203,2,noIP,NA,55,0,0,NA,13,12,17h30,NONVOTE,INFO,isma,NA,15,novote,novote
2,204,1,IP,NA,39.9,5.4,10.5,64.28571428571429,13,12,17h30,NONVOTE,INFO,isma,NA,15,novote,novote
2,204,2,noIP,NA,50,0,0,NA,13,12,17h30,NONVOTE,INFO,isma,NA,15,novote,novote
2,205,1,IP,NA,68.8,6,5.2,74.44444444444444,13,12,17h30,NONVOTE,INFO,isma,NA,15,novote,novote
2,205,2,noIP,NA,41,0,0,0,13,12,17h30,NONVOTE,INFO,isma,NA,15,novote,novote
2,206,1,IP,NA,55.3,12.7,8.4,57.5,13,12,17h30,NONVOTE,INFO,isma,NA,15,novote,novote
2,206,2,noIP,NA,64,0,0,NA,13,12,17h30,NONVOTE,INFO,isma,NA,15,novote,novote
2,207,1,IP,NA,63.5,5.9,8.4,51,13,12,17h30,NONVOTE,INFO,isma,NA,15,novote,novote
2,207,2,noIP,NA,61,0,0,0,13,12,17h30,NONVOTE,INFO,isma,NA,15,novote,novote
2,208,1,IP,NA,36.3,5.5,3.2,31.25,13,12,17h30,NONVOTE,INFO,isma,NA,15,novote,novote
2,208,2,noIP,NA,54,0,0,0,13,12,17h30,NONVOTE,INFO,isma,NA,15,novote,novote
2,209,1,IP,NA,47.2,11.6,11.4,45,13,12,17h30,NONVOTE,INFO,isma,NA,15,novote,novote
2,209,2,noIP,NA,33,0,0,0,13,12,17h30,NONVOTE,INFO,isma,NA,15,novote,novote
2,210,1,IP,NA,84.4,24,1.6,55,13,12,17h30,NONVOTE,INFO,isma,NA,15,novote,novote
2,210,2,noIP,NA,48,0,0,0,13,12,17h30,NONVOTE,INFO,isma,NA,15,novote,novote
2,211,1,IP,NA,56.9,4.9,11,56,13,12,17h30,NONVOTE,INFO,isma,NA,15,novote,novote
2,211,2,noIP,NA,73,0,0,NA,13,12,17h30,NONVOTE,INFO,isma,NA,15,novote,novote
2,212,1,IP,NA,54.7,2.5,18.8,41,13,12,17h30,NONVOTE,INFO,isma,NA,15,novote,novote
2,212,2,noIP,NA,58,0,0,0,13,12,17h30,NONVOTE,INFO,isma,NA,15,novote,novote
2,213,1,IP,NA,40.7,7.7,6,54.44444444444444,13,12,17h30,NONVOTE,INFO,isma,NA,15,novote,novote
2,213,2,noIP,NA,72,0,0,0,13,12,17h30,NONVOTE,INFO,isma,NA,15,novote,novote
2,214,1,IP,NA,73,13,1,51.111111111111114,13,12,17h30,NONVOTE,INFO,isma,NA,15,novote,novote
2,214,2,noIP,NA,48,0,0,0,13,12,17h30,NONVOTE,INFO,isma,NA,15,novote,novote
2,215,1,IP,NA,50.3,3.5,17.2,52.5,13,12,17h30,NONVOTE,INFO,isma,NA,15,novote,novote
2,215,2,noIP,NA,71,0,0,NA,13,12,17h30,NONVOTE,INFO,isma,NA,15,novote,novote
3,301,1,IP,0,57.8,2.5,6.699999999999999,0,7,12,15h,VOTE,INFO,Simon + Jean Loup,NA,15,noIP,loser
3,301,2,noIP,0,52,0,0,0,7,12,15h,VOTE,INFO,Simon + Jean Loup,NA,15,noIP,winner
3,302,1,IP,0,56.8,3.5,3.7,56.25,7,12,15h,VOTE,INFO,Simon + Jean Loup,NA,15,noIP,loser
3,302,2,noIP,0,25,0,0,0,7,12,15h,VOTE,INFO,Simon + Jean Loup,NA,15,noIP,winner
3,303,1,IP,1,25.4,6.3999999999999995,2,30,7,12,15h,VOTE,INFO,Simon + Jean Loup,NA,15,IP,winner
3,303,2,noIP,1,43,0,0,0,7,12,15h,VOTE,INFO,Simon + Jean Loup,NA,15,IP,loser
3,304,1,IP,0,44.1,5.1,6,24.285714285714285,7,12,15h,VOTE,INFO,Simon + Jean Loup,NA,15,noIP,loser
3,304,2,noIP,0,79,0,0,NA,7,12,15h,VOTE,INFO,Simon + Jean Loup,NA,15,noIP,winner
3,305,1,IP,0,47.3,12.7,2.4,31.666666666666668,7,12,15h,VOTE,INFO,Simon + Jean Loup,NA,15,noIP,loser
3,305,2,noIP,0,79,0,0,NA,7,12,15h,VOTE,INFO,Simon + Jean Loup,NA,15,noIP,winner
3,306,1,IP,0,42.6,5,14.4,83.33333333333333,7,12,15h,VOTE,INFO,Simon + Jean Loup,NA,15,noIP,loser
3,306,2,noIP,0,48,0,0,0,7,12,15h,VOTE,INFO,Simon + Jean Loup,NA,15,noIP,winner
3,307,1,IP,0,50.4,3.2,11.8,36.25,7,12,15h,VOTE,INFO,Simon + Jean Loup,NA,15,noIP,loser
3,307,2,noIP,0,67,0,0,0,7,12,15h,VOTE,INFO,Simon + Jean Loup,NA,15,noIP,winner
3,308,1,IP,0,31.5,7.5,2,100,7,12,15h,VOTE,INFO,Simon + Jean Loup,NA,15,noIP,loser
3,308,2,noIP,0,68,0,0,NA,7,12,15h,VOTE,INFO,Simon + Jean Loup,NA,15,noIP,winner
3,309,1,IP,0,55.1,10.3,7.2,36,7,12,15h,VOTE,INFO,Simon + Jean Loup,NA,15,noIP,loser
3,309,2,noIP,0,62,0,0,NA,7,12,15h,VOTE,INFO,Simon + Jean Loup,NA,15,noIP,winner
3,310,1,IP,1,41.5,14.6,5.1,48.333333333333336,7,12,15h,VOTE,INFO,Simon + Jean Loup,NA,15,IP,winner
3,310,2,noIP,1,39,0,0,0,7,12,15h,VOTE,INFO,Simon + Jean Loup,NA,15,IP,loser
3,311,1,IP,0,62.1,7.1,5,62.5,7,12,15h,VOTE,INFO,Simon + Jean Loup,NA,15,noIP,loser
3,311,2,noIP,0,34,0,0,0,7,12,15h,VOTE,INFO,Simon + Jean Loup,NA,15,noIP,winner
3,312,1,IP,0,37.4,6.6,18.2,72,7,12,15h,VOTE,INFO,Simon + Jean Loup,NA,15,noIP,loser
3,312,2,noIP,0,48,0,0,0,7,12,15h,VOTE,INFO,Simon + Jean Loup,NA,15,noIP,winner
3,313,1,IP,0,58.8,0,10.2,71.11111111111111,7,12,15h,VOTE,INFO,Simon + Jean Loup,NA,15,noIP,loser
3,313,2,noIP,0,40,0,0,NA,7,12,15h,VOTE,INFO,Simon + Jean Loup,NA,15,noIP,winner
3,314,1,IP,1,39.7,17.7,0,75,7,12,15h,VOTE,INFO,Simon + Jean Loup,NA,15,IP,winner
3,314,2,noIP,1,53,0,0,NA,7,12,15h,VOTE,INFO,Simon + Jean Loup,NA,15,IP,loser
3,315,1,IP,0,25.5,0,7.5,28,7,12,15h,VOTE,INFO,Simon + Jean Loup,NA,15,noIP,loser
3,315,2,noIP,0,48,0,0,NA,7,12,15h,VOTE,INFO,Simon + Jean Loup,NA,15,noIP,winner
4,401,1,IP,NA,54.4,0.4,20,40,3,12,14h,NONVOTE,INFO,Simon + Ismaël + Jean-Loup,Les participants partent avec peu d'argent... :(,10,novote,novote
4,401,2,noIP,NA,61,0,0,0,3,12,14h,NONVOTE,INFO,Simon + Ismaël + Jean-Loup,Les participants partent avec peu d'argent... :(,10,novote,novote
4,402,1,IP,NA,44.6,9.8,4.2,48,3,12,14h,NONVOTE,INFO,Simon + Ismaël + Jean-Loup,Les participants partent avec peu d'argent... :(,10,novote,novote
4,402,2,noIP,NA,51,0,0,NA,3,12,14h,NONVOTE,INFO,Simon + Ismaël + Jean-Loup,Les participants partent avec peu d'argent... :(,10,novote,novote
4,403,1,IP,NA,73,16.9,2.9,50,3,12,14h,NONVOTE,INFO,Simon + Ismaël + Jean-Loup,Les participants partent avec peu d'argent... :(,10,novote,novote
4,403,2,noIP,NA,60,0,0,0,3,12,14h,NONVOTE,INFO,Simon + Ismaël + Jean-Loup,Les participants partent avec peu d'argent... :(,10,novote,novote
4,404,1,IP,NA,48.3,0,8.7,60,3,12,14h,NONVOTE,INFO,Simon + Ismaël + Jean-Loup,Les participants partent avec peu d'argent... :(,10,novote,novote
4,404,2,noIP,NA,67,0,0,0,3,12,14h,NONVOTE,INFO,Simon + Ismaël + Jean-Loup,Les participants partent avec peu d'argent... :(,10,novote,novote
4,405,1,IP,NA,35.8,5.7,3.9,70,3,12,14h,NONVOTE,INFO,Simon + Ismaël + Jean-Loup,Les participants partent avec peu d'argent... :(,10,novote,novote
4,405,2,noIP,NA,49,0,0,0,3,12,14h,NONVOTE,INFO,Simon + Ismaël + Jean-Loup,Les participants partent avec peu d'argent... :(,10,novote,novote
4,406,1,IP,NA,62.9,9.4,2.5,47.5,3,12,14h,NONVOTE,INFO,Simon + Ismaël + Jean-Loup,Les participants partent avec peu d'argent... :(,10,novote,novote
4,406,2,noIP,NA,71,0,0,NA,3,12,14h,NONVOTE,INFO,Simon + Ismaël + Jean-Loup,Les participants partent avec peu d'argent... :(,10,novote,novote
4,407,1,IP,NA,43.3,4.6,9.3,45,3,12,14h,NONVOTE,INFO,Simon + Ismaël + Jean-Loup,Les participants partent avec peu d'argent... :(,10,novote,novote
4,407,2,noIP,NA,72,0,0,NA,3,12,14h,NONVOTE,INFO,Simon + Ismaël + Jean-Loup,Les participants partent avec peu d'argent... :(,10,novote,novote
4,408,1,IP,NA,56.1,9.3,1.2,33.75,3,12,14h,NONVOTE,INFO,Simon + Ismaël + Jean-Loup,Les participants partent avec peu d'argent... :(,10,novote,novote
4,408,2,noIP,NA,47,0,0,0,3,12,14h,NONVOTE,INFO,Simon + Ismaël + Jean-Loup,Les participants partent avec peu d'argent... :(,10,novote,novote
4,409,1,IP,NA,39.6,0,3.4,50,3,12,14h,NONVOTE,INFO,Simon + Ismaël + Jean-Loup,Les participants partent avec peu d'argent... :(,10,novote,novote
4,409,2,noIP,NA,78,0,0,0,3,12,14h,NONVOTE,INFO,Simon + Ismaël + Jean-Loup,Les participants partent avec peu d'argent... :(,10,novote,novote
4,410,1,IP,NA,63,20,5,66.66666666666667,3,12,14h,NONVOTE,INFO,Simon + Ismaël + Jean-Loup,Les participants partent avec peu d'argent... :(,10,novote,novote
4,410,2,noIP,NA,53,0,0,0,3,12,14h,NONVOTE,INFO,Simon + Ismaël + Jean-Loup,Les participants partent avec peu d'argent... :(,10,novote,novote
4,411,1,IP,NA,55.9,13.9,6,57.142857142857146,3,12,14h,NONVOTE,INFO,Simon + Ismaël + Jean-Loup,Les participants partent avec peu d'argent... :(,10,novote,novote
4,411,2,noIP,NA,59,0,0,0,3,12,14h,NONVOTE,INFO,Simon + Ismaël + Jean-Loup,Les participants partent avec peu d'argent... :(,10,novote,novote
4,412,1,IP,NA,50.1,0,22.9,37,3,12,14h,NONVOTE,INFO,Simon + Ismaël + Jean-Loup,Les participants partent avec peu d'argent... :(,10,novote,novote
4,412,2,noIP,NA,55,0,0,0,3,12,14h,NONVOTE,INFO,Simon + Ismaël + Jean-Loup,Les participants partent avec peu d'argent... :(,10,novote,novote
4,413,1,IP,NA,68,16.4,10.4,53.333333333333336,3,12,14h,NONVOTE,INFO,Simon + Ismaël + Jean-Loup,Les participants partent avec peu d'argent... :(,10,novote,novote
4,413,2,noIP,NA,55,0,0,0,3,12,14h,NONVOTE,INFO,Simon + Ismaël + Jean-Loup,Les participants partent avec peu d'argent... :(,10,novote,novote
4,414,1,IP,NA,28.4,5.3,15.9,53.333333333333336,3,12,14h,NONVOTE,INFO,Simon + Ismaël + Jean-Loup,Les participants partent avec peu d'argent... :(,10,novote,novote
4,414,2,noIP,NA,54,0,0,0,3,12,14h,NONVOTE,INFO,Simon + Ismaël + Jean-Loup,Les participants partent avec peu d'argent... :(,10,novote,novote
4,415,1,IP,NA,30.6,8,3.4,40,3,12,14h,NONVOTE,INFO,Simon + Ismaël + Jean-Loup,Les participants partent avec peu d'argent... :(,10,novote,novote
4,415,2,noIP,NA,52,0,0,NA,3,12,14h,NONVOTE,INFO,Simon + Ismaël + Jean-Loup,Les participants partent avec peu d'argent... :(,10,novote,novote
5,501,1,IP,NA,30.1,8.1,6,52,10,12,17h30,NONVOTE,NONINFO,ismael,NA,15,novote,novote
5,501,2,noIP,NA,55,0,0,0,10,12,17h30,NONVOTE,NONINFO,ismael,NA,15,novote,novote
5,502,1,IP,NA,76.4,5.5,7.1,34,10,12,17h30,NONVOTE,NONINFO,ismael,NA,15,novote,novote
5,502,2,noIP,NA,71,0,0,0,10,12,17h30,NONVOTE,NONINFO,ismael,NA,15,novote,novote
5,503,1,IP,NA,58.5,9.6,10.1,48.75,10,12,17h30,NONVOTE,NONINFO,ismael,NA,15,novote,novote
5,503,2,noIP,NA,42,0,0,0,10,12,17h30,NONVOTE,NONINFO,ismael,NA,15,novote,novote
5,504,1,IP,NA,65.4,24.2,11.8,24,10,12,17h30,NONVOTE,NONINFO,ismael,NA,15,novote,novote
5,504,2,noIP,NA,62,0,0,0,10,12,17h30,NONVOTE,NONINFO,ismael,NA,15,novote,novote
5,505,1,IP,NA,50.9,18.6,12.7,64.28571428571429,10,12,17h30,NONVOTE,NONINFO,ismael,NA,15,novote,novote
5,505,2,noIP,NA,29,0,0,0,10,12,17h30,NONVOTE,NONINFO,ismael,NA,15,novote,novote
5,506,1,IP,NA,41.7,4,22.3,82.22222222222223,10,12,17h30,NONVOTE,NONINFO,ismael,NA,15,novote,novote
5,506,2,noIP,NA,48,0,0,0,10,12,17h30,NONVOTE,NONINFO,ismael,NA,15,novote,novote
5,507,1,IP,NA,57.5,13.5,0,28.571428571428573,10,12,17h30,NONVOTE,NONINFO,ismael,NA,15,novote,novote
5,507,2,noIP,NA,43,0,0,0,10,12,17h30,NONVOTE,NONINFO,ismael,NA,15,novote,novote
5,508,1,IP,NA,31.6,3.5,18.9,47.142857142857146,10,12,17h30,NONVOTE,NONINFO,ismael,NA,15,novote,novote
5,508,2,noIP,NA,60,0,0,NA,10,12,17h30,NONVOTE,NONINFO,ismael,NA,15,novote,novote
5,509,1,IP,NA,56.9,11.9,10,67.14285714285714,10,12,17h30,NONVOTE,NONINFO,ismael,NA,15,novote,novote
5,509,2,noIP,NA,25,0,0,0,10,12,17h30,NONVOTE,NONINFO,ismael,NA,15,novote,novote
5,510,1,IP,NA,62.3,11.6,6.300000000000001,44.285714285714285,10,12,17h30,NONVOTE,NONINFO,ismael,NA,15,novote,novote
5,510,2,noIP,NA,70,0,0,NA,10,12,17h30,NONVOTE,NONINFO,ismael,NA,15,novote,novote
5,511,1,IP,NA,55.6,2.4,3.8,47.5,10,12,17h30,NONVOTE,NONINFO,ismael,NA,15,novote,novote
5,511,2,noIP,NA,67,0,0,NA,10,12,17h30,NONVOTE,NONINFO,ismael,NA,15,novote,novote
5,512,1,IP,NA,37.1,4.2,8.1,63.75,10,12,17h30,NONVOTE,NONINFO,ismael,NA,15,novote,novote
5,512,2,noIP,NA,61,0,0,0,10,12,17h30,NONVOTE,NONINFO,ismael,NA,15,novote,novote
5,513,1,IP,NA,66.2,6.5,9.3,46,10,12,17h30,NONVOTE,NONINFO,ismael,NA,15,novote,novote
5,513,2,noIP,NA,52,0,0,0,10,12,17h30,NONVOTE,NONINFO,ismael,NA,15,novote,novote
5,514,1,IP,NA,71.7,17.8,14.1,60,10,12,17h30,NONVOTE,NONINFO,ismael,NA,15,novote,novote
5,514,2,noIP,NA,57,0,0,0,10,12,17h30,NONVOTE,NONINFO,ismael,NA,15,novote,novote
5,515,1,IP,NA,64.1,11.9,12.8,38.888888888888886,10,12,17h30,NONVOTE,NONINFO,ismael,NA,15,novote,novote
5,515,2,noIP,NA,80,0,0,NA,10,12,17h30,NONVOTE,NONINFO,ismael,NA,15,novote,novote
6,601,1,IP,NA,35,0,0,87.5,13,12,12h30,NONVOTE,NONINFO,isma,NA,15,novote,novote
6,601,2,noIP,NA,67,0,0,0,13,12,12h30,NONVOTE,NONINFO,isma,NA,15,novote,novote
6,602,1,IP,NA,47,3,5,54.44444444444444,13,12,12h30,NONVOTE,NONINFO,isma,NA,15,novote,novote
6,602,2,noIP,NA,43,0,0,0,13,12,12h30,NONVOTE,NONINFO,isma,NA,15,novote,novote
6,603,1,IP,NA,31,5,3,70,13,12,12h30,NONVOTE,NONINFO,isma,NA,15,novote,novote
6,603,2,noIP,NA,58,0,0,NA,13,12,12h30,NONVOTE,NONINFO,isma,NA,15,novote,novote
6,604,1,IP,NA,70.9,6,16.1,54,13,12,12h30,NONVOTE,NONINFO,isma,NA,15,novote,novote
6,604,2,noIP,NA,32,0,0,0,13,12,12h30,NONVOTE,NONINFO,isma,NA,15,novote,novote
6,605,1,IP,NA,47.2,11.6,8.4,45,13,12,12h30,NONVOTE,NONINFO,isma,NA,15,novote,novote
6,605,2,noIP,NA,52,0,0,0,13,12,12h30,NONVOTE,NONINFO,isma,NA,15,novote,novote
6,606,1,IP,NA,71.9,12.4,5.5,18,13,12,12h30,NONVOTE,NONINFO,isma,NA,15,novote,novote
6,606,2,noIP,NA,50,0,0,0,13,12,12h30,NONVOTE,NONINFO,isma,NA,15,novote,novote
6,607,1,IP,NA,38.4,3,8.6,100,13,12,12h30,NONVOTE,NONINFO,isma,NA,15,novote,novote
6,607,2,noIP,NA,25,0,0,0,13,12,12h30,NONVOTE,NONINFO,isma,NA,15,novote,novote
6,608,1,IP,NA,61.8,9.8,3,21.11111111111111,13,12,12h30,NONVOTE,NONINFO,isma,NA,15,novote,novote
6,608,2,noIP,NA,46,0,0,0,13,12,12h30,NONVOTE,NONINFO,isma,NA,15,novote,novote
6,609,1,IP,NA,34.8,0,1.2,33.333333333333336,13,12,12h30,NONVOTE,NONINFO,isma,NA,15,novote,novote
6,609,2,noIP,NA,41,0,0,0,13,12,12h30,NONVOTE,NONINFO,isma,NA,15,novote,novote
6,610,1,IP,NA,45.5,10,9.5,38,13,12,12h30,NONVOTE,NONINFO,isma,NA,15,novote,novote
6,610,2,noIP,NA,38,0,0,0,13,12,12h30,NONVOTE,NONINFO,isma,NA,15,novote,novote
6,611,1,IP,NA,42.6,4.4,7.8,52.5,13,12,12h30,NONVOTE,NONINFO,isma,NA,15,novote,novote
6,611,2,noIP,NA,48,0,0,0,13,12,12h30,NONVOTE,NONINFO,isma,NA,15,novote,novote
6,612,1,IP,NA,38.9,8.9,6,32.22222222222222,13,12,12h30,NONVOTE,NONINFO,isma,NA,15,novote,novote
6,612,2,noIP,NA,45,0,0,0,13,12,12h30,NONVOTE,NONINFO,isma,NA,15,novote,novote
6,613,1,IP,NA,50,5.7,18.7,41,13,12,12h30,NONVOTE,NONINFO,isma,NA,15,novote,novote
6,613,2,noIP,NA,39,0,0,NA,13,12,12h30,NONVOTE,NONINFO,isma,NA,15,novote,novote
6,614,1,IP,NA,70.6,23.4,2.8,52.22222222222222,13,12,12h30,NONVOTE,NONINFO,isma,NA,15,novote,novote
6,614,2,noIP,NA,40,0,0,NA,13,12,12h30,NONVOTE,NONINFO,isma,NA,15,novote,novote
6,615,1,IP,NA,45.4,2.5,10.1,39,13,12,12h30,NONVOTE,NONINFO,isma,NA,15,novote,novote
6,615,2,noIP,NA,73,0,0,0,13,12,12h30,NONVOTE,NONINFO,isma,NA,15,novote,novote
7,701,1,IP,NA,65.8,13.3,10.5,70,11,12,18h,NONVOTE,NONINFO,isma,NA,15,novote,novote
7,701,2,noIP,NA,56,0,0,NA,11,12,18h,NONVOTE,NONINFO,isma,NA,15,novote,novote
7,702,1,IP,NA,55.7,9.5,10.8,57.77777777777778,11,12,18h,NONVOTE,NONINFO,isma,NA,15,novote,novote
7,702,2,noIP,NA,35,0,0,0,11,12,18h,NONVOTE,NONINFO,isma,NA,15,novote,novote
7,703,1,IP,NA,44.5,3.5,5,79,11,12,18h,NONVOTE,NONINFO,isma,NA,15,novote,novote
7,703,2,noIP,NA,48,0,0,0,11,12,18h,NONVOTE,NONINFO,isma,NA,15,novote,novote
7,704,1,IP,NA,47.1,11.6,7.5,62.857142857142854,11,12,18h,NONVOTE,NONINFO,isma,NA,15,novote,novote
7,704,2,noIP,NA,62,0,0,0,11,12,18h,NONVOTE,NONINFO,isma,NA,15,novote,novote
7,705,1,IP,NA,33.1,13.1,9,68.33333333333333,11,12,18h,NONVOTE,NONINFO,isma,NA,15,novote,novote
7,705,2,noIP,NA,22,0,0,0,11,12,18h,NONVOTE,NONINFO,isma,NA,15,novote,novote
7,706,1,IP,NA,56.8,8.5,16.7,50,11,12,18h,NONVOTE,NONINFO,isma,NA,15,novote,novote
7,706,2,noIP,NA,49,0,0,0,11,12,18h,NONVOTE,NONINFO,isma,NA,15,novote,novote
7,707,1,IP,NA,39.6,12.5,5.9,40,11,12,18h,NONVOTE,NONINFO,isma,NA,15,novote,novote
7,707,2,noIP,NA,62,0,0,NA,11,12,18h,NONVOTE,NONINFO,isma,NA,15,novote,novote
7,708,1,IP,NA,66.1,3.5,19.4,42.22222222222222,11,12,18h,NONVOTE,NONINFO,isma,NA,15,novote,novote
7,708,2,noIP,NA,49,0,0,0,11,12,18h,NONVOTE,NONINFO,isma,NA,15,novote,novote
7,709,1,IP,NA,65.3,16.8,7.5,87.5,11,12,18h,NONVOTE,NONINFO,isma,NA,15,novote,novote
7,709,2,noIP,NA,39,0,0,0,11,12,18h,NONVOTE,NONINFO,isma,NA,15,novote,novote
7,710,1,IP,NA,60,14,0,35.714285714285715,11,12,18h,NONVOTE,NONINFO,isma,NA,15,novote,novote
7,710,2,noIP,NA,23,0,0,NA,11,12,18h,NONVOTE,NONINFO,isma,NA,15,novote,novote
7,711,1,IP,NA,32.9,1,8.1,78.57142857142857,11,12,18h,NONVOTE,NONINFO,isma,NA,15,novote,novote
7,711,2,noIP,NA,67,0,0,NA,11,12,18h,NONVOTE,NONINFO,isma,NA,15,novote,novote
7,712,1,IP,NA,24.1,0,6.9,28.571428571428573,11,12,18h,NONVOTE,NONINFO,isma,NA,15,novote,novote
7,712,2,noIP,NA,57,0,0,NA,11,12,18h,NONVOTE,NONINFO,isma,NA,15,novote,novote
7,713,1,IP,NA,44.1,0,8.9,44.44444444444444,11,12,18h,NONVOTE,NONINFO,isma,NA,15,novote,novote
7,713,2,noIP,NA,75,0,0,NA,11,12,18h,NONVOTE,NONINFO,isma,NA,15,novote,novote
7,714,1,IP,NA,77.3,2.3,3,28.88888888888889,11,12,18h,NONVOTE,NONINFO,isma,NA,15,novote,novote
7,714,2,noIP,NA,48,0,0,0,11,12,18h,NONVOTE,NONINFO,isma,NA,15,novote,novote
7,715,1,IP,NA,56.6,9.6,0,52.5,11,12,18h,NONVOTE,NONINFO,isma,NA,15,novote,novote
7,715,2,noIP,NA,38,0,0,0,11,12,18h,NONVOTE,NONINFO,isma,NA,15,novote,novote
8,801,1,IP,0,60.5,3,4.5,36.25,6,12,12h30,VOTE,NONINFO,Simon + Jean Loup,NA,15,noIP,loser
8,801,2,noIP,0,50,0,0,0,6,12,12h30,VOTE,NONINFO,Simon + Jean Loup,NA,15,noIP,winner
8,802,1,IP,0,39.9,3.5,5.6,42.857142857142854,6,12,12h30,VOTE,NONINFO,Simon + Jean Loup,NA,15,noIP,loser
8,802,2,noIP,0,52,0,0,0,6,12,12h30,VOTE,NONINFO,Simon + Jean Loup,NA,15,noIP,winner
8,803,1,IP,0,30.6,6.6,3,50,6,12,12h30,VOTE,NONINFO,Simon + Jean Loup,NA,15,noIP,loser
8,803,2,noIP,0,39,0,0,NA,6,12,12h30,VOTE,NONINFO,Simon + Jean Loup,NA,15,noIP,winner
8,804,1,IP,0,47.9,6,14.1,53.333333333333336,6,12,12h30,VOTE,NONINFO,Simon + Jean Loup,NA,15,noIP,loser
8,804,2,noIP,0,71,0,0,NA,6,12,12h30,VOTE,NONINFO,Simon + Jean Loup,NA,15,noIP,winner
8,805,1,IP,1,65.9,16.9,0,35.55555555555556,6,12,12h30,VOTE,NONINFO,Simon + Jean Loup,NA,15,IP,winner
8,805,2,noIP,1,40,0,0,0,6,12,12h30,VOTE,NONINFO,Simon + Jean Loup,NA,15,IP,loser
8,806,1,IP,0,37.2,0.7,9.5,66.25,6,12,12h30,VOTE,NONINFO,Simon + Jean Loup,NA,15,noIP,loser
8,806,2,noIP,0,49,0,0,0,6,12,12h30,VOTE,NONINFO,Simon + Jean Loup,NA,15,noIP,winner
8,807,1,IP,0,37,5,0,5.555555555555555,6,12,12h30,VOTE,NONINFO,Simon + Jean Loup,NA,15,noIP,loser
8,807,2,noIP,0,43,0,0,0,6,12,12h30,VOTE,NONINFO,Simon + Jean Loup,NA,15,noIP,winner
8,808,1,IP,0,30.2,0,15.8,35.55555555555556,6,12,12h30,VOTE,NONINFO,Simon + Jean Loup,NA,15,noIP,loser
8,808,2,noIP,0,39,0,0,0,6,12,12h30,VOTE,NONINFO,Simon + Jean Loup,NA,15,noIP,winner
8,809,1,IP,1,53.8,10.8,0,60,6,12,12h30,VOTE,NONINFO,Simon + Jean Loup,NA,15,IP,winner
8,809,2,noIP,1,67,0,0,NA,6,12,12h30,VOTE,NONINFO,Simon + Jean Loup,NA,15,IP,loser
8,810,1,IP,0,30.2,6.7,5.5,84,6,12,12h30,VOTE,NONINFO,Simon + Jean Loup,NA,15,noIP,loser
8,810,2,noIP,0,53,0,0,NA,6,12,12h30,VOTE,NONINFO,Simon + Jean Loup,NA,15,noIP,winner
8,811,1,IP,0,34.6,13.9,3.3,33.333333333333336,6,12,12h30,VOTE,NONINFO,Simon + Jean Loup,NA,15,noIP,loser
8,811,2,noIP,0,50,0,0,NA,6,12,12h30,VOTE,NONINFO,Simon + Jean Loup,NA,15,noIP,winner
8,812,1,IP,0,34.2,0.6,12.4,55,6,12,12h30,VOTE,NONINFO,Simon + Jean Loup,NA,15,noIP,loser
8,812,2,noIP,0,63,0,0,0,6,12,12h30,VOTE,NONINFO,Simon + Jean Loup,NA,15,noIP,winner
8,813,1,IP,1,32.6,3.6,0,5,6,12,12h30,VOTE,NONINFO,Simon + Jean Loup,NA,15,IP,winner
8,813,2,IP,1,33.3,6.3,5,7.5,6,12,12h30,VOTE,NONINFO,Simon + Jean Loup,NA,15,IP,winner
8,814,1,IP,1,51,10.5,11.5,52.5,6,12,12h30,VOTE,NONINFO,Simon + Jean Loup,NA,15,IP,winner
8,814,2,IP,1,38.5,6,3.5,81.42857142857143,6,12,12h30,VOTE,NONINFO,Simon + Jean Loup,NA,15,IP,winner
8,815,1,IP,1,45.4,10.5,13.1,57.142857142857146,6,12,12h30,VOTE,NONINFO,Simon + Jean Loup,NA,15,IP,winner
8,815,2,IP,1,50.2,2.6,6.4,61.25,6,12,12h30,VOTE,NONINFO,Simon + Jean Loup,NA,15,IP,winner
9,901,1,IP,1,77,6,0,75.55555555555556,7,12,9h,VOTE,INFO,Simon + Jean Loup,"Jean Loup a vu que la personne avec le numéro 11 a utilisé son téléphone pendant le jeu de groupe. Personne avec le numéro 7 payée 40,30 euros.",15,IP,winner
9,901,2,IP,1,35,3,0,52.857142857142854,7,12,9h,VOTE,INFO,Simon + Jean Loup,"Jean Loup a vu que la personne avec le numéro 11 a utilisé son téléphone pendant le jeu de groupe. Personne avec le numéro 7 payée 40,30 euros.",15,IP,winner
9,902,1,IP,1,19.2,0,5.8,76,7,12,9h,VOTE,INFO,Simon + Jean Loup,"Jean Loup a vu que la personne avec le numéro 11 a utilisé son téléphone pendant le jeu de groupe. Personne avec le numéro 7 payée 40,30 euros.",15,IP,winner
9,902,2,IP,1,31.5,12.5,0,80,7,12,9h,VOTE,INFO,Simon + Jean Loup,"Jean Loup a vu que la personne avec le numéro 11 a utilisé son téléphone pendant le jeu de groupe. Personne avec le numéro 7 payée 40,30 euros.",15,IP,winner
9,903,1,IP,1,45.8,2.8,3,84.28571428571429,7,12,9h,VOTE,INFO,Simon + Jean Loup,"Jean Loup a vu que la personne avec le numéro 11 a utilisé son téléphone pendant le jeu de groupe. Personne avec le numéro 7 payée 40,30 euros.",15,IP,winner
9,903,2,IP,1,54.5,0,15.5,95,7,12,9h,VOTE,INFO,Simon + Jean Loup,"Jean Loup a vu que la personne avec le numéro 11 a utilisé son téléphone pendant le jeu de groupe. Personne avec le numéro 7 payée 40,30 euros.",15,IP,winner
9,904,1,IP,0,65.2,13.5,4.3,14.444444444444445,7,12,9h,VOTE,INFO,Simon + Jean Loup,"Jean Loup a vu que la personne avec le numéro 11 a utilisé son téléphone pendant le jeu de groupe. Personne avec le numéro 7 payée 40,30 euros.",15,noIP,loser
9,904,2,noIP,0,46,0,0,0,7,12,9h,VOTE,INFO,Simon + Jean Loup,"Jean Loup a vu que la personne avec le numéro 11 a utilisé son téléphone pendant le jeu de groupe. Personne avec le numéro 7 payée 40,30 euros.",15,noIP,winner
9,905,1,IP,0,57.3,4.3,14,47,7,12,9h,VOTE,INFO,Simon + Jean Loup,"Jean Loup a vu que la personne avec le numéro 11 a utilisé son téléphone pendant le jeu de groupe. Personne avec le numéro 7 payée 40,30 euros.",15,noIP,loser
9,905,2,noIP,0,59,0,0,0,7,12,9h,VOTE,INFO,Simon + Jean Loup,"Jean Loup a vu que la personne avec le numéro 11 a utilisé son téléphone pendant le jeu de groupe. Personne avec le numéro 7 payée 40,30 euros.",15,noIP,winner
9,906,1,IP,0,19.5,4,3.5,80,7,12,9h,VOTE,INFO,Simon + Jean Loup,"Jean Loup a vu que la personne avec le numéro 11 a utilisé son téléphone pendant le jeu de groupe. Personne avec le numéro 7 payée 40,30 euros.",15,noIP,loser
9,906,2,noIP,0,58,0,0,NA,7,12,9h,VOTE,INFO,Simon + Jean Loup,"Jean Loup a vu que la personne avec le numéro 11 a utilisé son téléphone pendant le jeu de groupe. Personne avec le numéro 7 payée 40,30 euros.",15,noIP,winner
9,907,1,IP,0,89.7,28.8,2.1,49,7,12,9h,VOTE,INFO,Simon + Jean Loup,"Jean Loup a vu que la personne avec le numéro 11 a utilisé son téléphone pendant le jeu de groupe. Personne avec le numéro 7 payée 40,30 euros.",15,noIP,loser
9,907,2,noIP,0,53,0,0,0,7,12,9h,VOTE,INFO,Simon + Jean Loup,"Jean Loup a vu que la personne avec le numéro 11 a utilisé son téléphone pendant le jeu de groupe. Personne avec le numéro 7 payée 40,30 euros.",15,noIP,winner
9,908,1,IP,0,33.5,8.6,12.1,16.666666666666668,7,12,9h,VOTE,INFO,Simon + Jean Loup,"Jean Loup a vu que la personne avec le numéro 11 a utilisé son téléphone pendant le jeu de groupe. Personne avec le numéro 7 payée 40,30 euros.",15,noIP,loser
9,908,2,noIP,0,66,0,0,NA,7,12,9h,VOTE,INFO,Simon + Jean Loup,"Jean Loup a vu que la personne avec le numéro 11 a utilisé son téléphone pendant le jeu de groupe. Personne avec le numéro 7 payée 40,30 euros.",15,noIP,winner
9,909,1,IP,0,35.8,0,23.2,84.44444444444444,7,12,9h,VOTE,INFO,Simon + Jean Loup,"Jean Loup a vu que la personne avec le numéro 11 a utilisé son téléphone pendant le jeu de groupe. Personne avec le numéro 7 payée 40,30 euros.",15,noIP,loser
9,909,2,noIP,0,67,0,0,NA,7,12,9h,VOTE,INFO,Simon + Jean Loup,"Jean Loup a vu que la personne avec le numéro 11 a utilisé son téléphone pendant le jeu de groupe. Personne avec le numéro 7 payée 40,30 euros.",15,noIP,winner
9,910,1,IP,0,50,14.5,9.5,16,7,12,9h,VOTE,INFO,Simon + Jean Loup,"Jean Loup a vu que la personne avec le numéro 11 a utilisé son téléphone pendant le jeu de groupe. Personne avec le numéro 7 payée 40,30 euros.",15,noIP,loser
9,910,2,noIP,0,33,0,0,0,7,12,9h,VOTE,INFO,Simon + Jean Loup,"Jean Loup a vu que la personne avec le numéro 11 a utilisé son téléphone pendant le jeu de groupe. Personne avec le numéro 7 payée 40,30 euros.",15,noIP,winner
9,911,1,IP,0,57,5.5,18.5,30,7,12,9h,VOTE,INFO,Simon + Jean Loup,"Jean Loup a vu que la personne avec le numéro 11 a utilisé son téléphone pendant le jeu de groupe. Personne avec le numéro 7 payée 40,30 euros.",15,noIP,loser
9,911,2,noIP,0,65,0,0,0,7,12,9h,VOTE,INFO,Simon + Jean Loup,"Jean Loup a vu que la personne avec le numéro 11 a utilisé son téléphone pendant le jeu de groupe. Personne avec le numéro 7 payée 40,30 euros.",15,noIP,winner
9,912,1,IP,1,51,8,0,68.57142857142857,7,12,9h,VOTE,INFO,Simon + Jean Loup,"Jean Loup a vu que la personne avec le numéro 11 a utilisé son téléphone pendant le jeu de groupe. Personne avec le numéro 7 payée 40,30 euros.",15,IP,winner
9,912,2,noIP,1,39,0,0,0,7,12,9h,VOTE,INFO,Simon + Jean Loup,"Jean Loup a vu que la personne avec le numéro 11 a utilisé son téléphone pendant le jeu de groupe. Personne avec le numéro 7 payée 40,30 euros.",15,IP,loser
9,913,1,IP,0,58.1,3,8.9,62.22222222222222,7,12,9h,VOTE,INFO,Simon + Jean Loup,"Jean Loup a vu que la personne avec le numéro 11 a utilisé son téléphone pendant le jeu de groupe. Personne avec le numéro 7 payée 40,30 euros.",15,noIP,loser
9,913,2,noIP,0,36,0,0,NA,7,12,9h,VOTE,INFO,Simon + Jean Loup,"Jean Loup a vu que la personne avec le numéro 11 a utilisé son téléphone pendant le jeu de groupe. Personne avec le numéro 7 payée 40,30 euros.",15,noIP,winner
9,914,1,IP,1,34.6,0.6,3,38.57142857142857,7,12,9h,VOTE,INFO,Simon + Jean Loup,"Jean Loup a vu que la personne avec le numéro 11 a utilisé son téléphone pendant le jeu de groupe. Personne avec le numéro 7 payée 40,30 euros.",15,IP,winner
9,914,2,noIP,1,40,0,0,0,7,12,9h,VOTE,INFO,Simon + Jean Loup,"Jean Loup a vu que la personne avec le numéro 11 a utilisé son téléphone pendant le jeu de groupe. Personne avec le numéro 7 payée 40,30 euros.",15,IP,loser
9,915,1,IP,0,25.3,8.3,0,66.66666666666667,7,12,9h,VOTE,INFO,Simon + Jean Loup,"Jean Loup a vu que la personne avec le numéro 11 a utilisé son téléphone pendant le jeu de groupe. Personne avec le numéro 7 payée 40,30 euros.",15,noIP,loser
9,915,2,noIP,0,50,0,0,0,7,12,9h,VOTE,INFO,Simon + Jean Loup,"Jean Loup a vu que la personne avec le numéro 11 a utilisé son téléphone pendant le jeu de groupe. Personne avec le numéro 7 payée 40,30 euros.",15,noIP,winner
10,1001,1,IP,1,57.1,2.6,19.5,50,3,12,17h,VOTE,INFO,Simon + Ismaël + Jean-Loup,NA,10,IP,winner
10,1001,2,noIP,1,51,0,0,NA,3,12,17h,VOTE,INFO,Simon + Ismaël + Jean-Loup,NA,10,IP,loser
10,1002,1,IP,0,46.9,17.1,9.2,65.71428571428571,3,12,17h,VOTE,INFO,Simon + Ismaël + Jean-Loup,NA,10,noIP,loser
10,1002,2,noIP,0,39,0,0,0,3,12,17h,VOTE,INFO,Simon + Ismaël + Jean-Loup,NA,10,noIP,winner
10,1003,1,IP,1,69,19,10,67,3,12,17h,VOTE,INFO,Simon + Ismaël + Jean-Loup,NA,10,IP,winner
10,1003,2,noIP,1,82,0,0,NA,3,12,17h,VOTE,INFO,Simon + Ismaël + Jean-Loup,NA,10,IP,loser
10,1004,1,IP,0,33.4,3.1,18.7,45.55555555555556,3,12,17h,VOTE,INFO,Simon + Ismaël + Jean-Loup,NA,10,noIP,loser
10,1004,2,noIP,0,72,0,0,0,3,12,17h,VOTE,INFO,Simon + Ismaël + Jean-Loup,NA,10,noIP,winner
10,1005,1,IP,0,67.1,30.2,1.1,28.571428571428573,3,12,17h,VOTE,INFO,Simon + Ismaël + Jean-Loup,NA,10,noIP,loser
10,1005,2,noIP,0,55,0,0,0,3,12,17h,VOTE,INFO,Simon + Ismaël + Jean-Loup,NA,10,noIP,winner
10,1006,1,IP,0,42.5,3.3,16.8,63.75,3,12,17h,VOTE,INFO,Simon + Ismaël + Jean-Loup,NA,10,noIP,loser
10,1006,2,noIP,0,63,0,0,NA,3,12,17h,VOTE,INFO,Simon + Ismaël + Jean-Loup,NA,10,noIP,winner
10,1007,1,IP,0,19.5,2,5.5,68,3,12,17h,VOTE,INFO,Simon + Ismaël + Jean-Loup,NA,10,noIP,loser
10,1007,2,noIP,0,63,0,0,NA,3,12,17h,VOTE,INFO,Simon + Ismaël + Jean-Loup,NA,10,noIP,winner
10,1008,1,IP,0,50.5,8.5,2,36,3,12,17h,VOTE,INFO,Simon + Ismaël + Jean-Loup,NA,10,noIP,loser
10,1008,2,noIP,0,44,0,0,0,3,12,17h,VOTE,INFO,Simon + Ismaël + Jean-Loup,NA,10,noIP,winner
10,1009,1,IP,0,38,0,3,43.333333333333336,3,12,17h,VOTE,INFO,Simon + Ismaël + Jean-Loup,NA,10,noIP,loser
10,1009,2,noIP,0,54,0,0,0,3,12,17h,VOTE,INFO,Simon + Ismaël + Jean-Loup,NA,10,noIP,winner
10,1010,1,IP,1,45.5,7.8,7.3,48.888888888888886,3,12,17h,VOTE,INFO,Simon + Ismaël + Jean-Loup,NA,10,IP,winner
10,1010,2,IP,1,56.8,14.4,4.6,76.25,3,12,17h,VOTE,INFO,Simon + Ismaël + Jean-Loup,NA,10,IP,winner
10,1011,1,IP,1,36,2.8,7.8,21.25,3,12,17h,VOTE,INFO,Simon + Ismaël + Jean-Loup,NA,10,IP,winner
10,1011,2,IP,1,42.2,2.1,13.9,24.444444444444443,3,12,17h,VOTE,INFO,Simon + Ismaël + Jean-Loup,NA,10,IP,winner
10,1012,1,IP,1,63.5,4.5,0,82.22222222222223,3,12,17h,VOTE,INFO,Simon + Ismaël + Jean-Loup,NA,10,IP,winner
10,1012,2,IP,1,44,5,3,65,3,12,17h,VOTE,INFO,Simon + Ismaël + Jean-Loup,NA,10,IP,winner
10,1013,1,IP,0,48.5,7.1,22.6,64.44444444444444,3,12,17h,VOTE,INFO,Simon + Ismaël + Jean-Loup,NA,10,noIP,loser
10,1013,2,noIP,0,46,0,0,0,3,12,17h,VOTE,INFO,Simon + Ismaël + Jean-Loup,NA,10,noIP,winner
10,1014,1,IP,1,36.8,15.2,5.4,56.25,3,12,17h,VOTE,INFO,Simon + Ismaël + Jean-Loup,NA,10,IP,winner
10,1014,2,noIP,1,70,0,0,0,3,12,17h,VOTE,INFO,Simon + Ismaël + Jean-Loup,NA,10,IP,loser
10,1015,1,IP,1,74.7,10.8,5.1,68.75,3,12,17h,VOTE,INFO,Simon + Ismaël + Jean-Loup,NA,10,IP,winner
10,1015,2,noIP,1,85,0,0,0,3,12,17h,VOTE,INFO,Simon + Ismaël + Jean-Loup,NA,10,IP,loser
11,1101,1,IP,NA,71.8,4.3,8.5,10,5,12,15h,NONVOTE,NONINFO,Simon + Jean Loup,Un groupe est mort,15,novote,novote
11,1101,2,noIP,NA,71,0,0,NA,5,12,15h,NONVOTE,NONINFO,Simon + Jean Loup,Un groupe est mort,15,novote,novote
11,1102,1,IP,NA,61,1,12,47.77777777777778,5,12,15h,NONVOTE,NONINFO,Simon + Jean Loup,Un groupe est mort,15,novote,novote
11,1102,2,noIP,NA,29,0,0,0,5,12,15h,NONVOTE,NONINFO,Simon + Jean Loup,Un groupe est mort,15,novote,novote
11,1103,1,IP,NA,65.2,20,4.8,61,5,12,15h,NONVOTE,NONINFO,Simon + Jean Loup,Un groupe est mort,15,novote,novote
11,1103,2,noIP,NA,62,0,0,0,5,12,15h,NONVOTE,NONINFO,Simon + Jean Loup,Un groupe est mort,15,novote,novote
11,1104,1,IP,NA,62.4,24.9,5.5,57.142857142857146,5,12,15h,NONVOTE,NONINFO,Simon + Jean Loup,Un groupe est mort,15,novote,novote
11,1104,2,noIP,NA,74,0,0,NA,5,12,15h,NONVOTE,NONINFO,Simon + Jean Loup,Un groupe est mort,15,novote,novote
11,1105,1,IP,NA,43.4,3.5,6.1,65,5,12,15h,NONVOTE,NONINFO,Simon + Jean Loup,Un groupe est mort,15,novote,novote
11,1105,2,noIP,NA,71,0,0,0,5,12,15h,NONVOTE,NONINFO,Simon + Jean Loup,Un groupe est mort,15,novote,novote
11,1106,1,IP,NA,39.2,4.9,21.7,58,5,12,15h,NONVOTE,NONINFO,Simon + Jean Loup,Un groupe est mort,15,novote,novote
11,1106,2,noIP,NA,62,0,0,0,5,12,15h,NONVOTE,NONINFO,Simon + Jean Loup,Un groupe est mort,15,novote,novote
11,1107,1,IP,NA,57.3,0.3,2,33.75,5,12,15h,NONVOTE,NONINFO,Simon + Jean Loup,Un groupe est mort,15,novote,novote
11,1107,2,noIP,NA,67,0,0,NA,5,12,15h,NONVOTE,NONINFO,Simon + Jean Loup,Un groupe est mort,15,novote,novote
11,1108,1,IP,NA,49.2,5,4.8,51.42857142857143,5,12,15h,NONVOTE,NONINFO,Simon + Jean Loup,Un groupe est mort,15,novote,novote
11,1108,2,noIP,NA,41,0,0,NA,5,12,15h,NONVOTE,NONINFO,Simon + Jean Loup,Un groupe est mort,15,novote,novote
11,1109,1,IP,NA,25.5,6.5,5,7.5,5,12,15h,NONVOTE,NONINFO,Simon + Jean Loup,Un groupe est mort,15,novote,novote
11,1109,2,noIP,NA,29,0,0,0,5,12,15h,NONVOTE,NONINFO,Simon + Jean Loup,Un groupe est mort,15,novote,novote
11,1110,1,IP,NA,47,8.7,16.7,25.555555555555557,5,12,15h,NONVOTE,NONINFO,Simon + Jean Loup,Un groupe est mort,15,novote,novote
11,1110,2,noIP,NA,74,0,0,NA,5,12,15h,NONVOTE,NONINFO,Simon + Jean Loup,Un groupe est mort,15,novote,novote
11,1111,1,IP,NA,69,14,6,55,5,12,15h,NONVOTE,NONINFO,Simon + Jean Loup,Un groupe est mort,15,novote,novote
11,1111,2,noIP,NA,71,0,0,0,5,12,15h,NONVOTE,NONINFO,Simon + Jean Loup,Un groupe est mort,15,novote,novote
11,1112,1,IP,NA,44,4.7,4.7,56.666666666666664,5,12,15h,NONVOTE,NONINFO,Simon + Jean Loup,Un groupe est mort,15,novote,novote
11,1112,2,noIP,NA,85,0,0,0,5,12,15h,NONVOTE,NONINFO,Simon + Jean Loup,Un groupe est mort,15,novote,novote
11,1113,1,IP,NA,53.8,26.5,3.7,72,5,12,15h,NONVOTE,NONINFO,Simon + Jean Loup,Un groupe est mort,15,novote,novote
11,1113,2,noIP,NA,30,0,0,NA,5,12,15h,NONVOTE,NONINFO,Simon + Jean Loup,Un groupe est mort,15,novote,novote
11,1114,1,IP,NA,46,6.7,15.7,70,5,12,15h,NONVOTE,NONINFO,Simon + Jean Loup,Un groupe est mort,15,novote,novote
11,1114,2,noIP,NA,22,0,0,NA,5,12,15h,NONVOTE,NONINFO,Simon + Jean Loup,Un groupe est mort,15,novote,novote
11,1115,1,IP,NA,37.2,0.9,14.7,23.333333333333332,5,12,15h,NONVOTE,NONINFO,Simon + Jean Loup,Un groupe est mort,15,novote,novote
11,1115,2,noIP,NA,48,0,0,NA,5,12,15h,NONVOTE,NONINFO,Simon + Jean Loup,Un groupe est mort,15,novote,novote
12,1201,1,IP,NA,32,0,6,27.5,5,12,18h,NONVOTE,INFO,Simon + Jean Loup,NA,15,novote,novote
12,1201,2,noIP,NA,42,0,0,0,5,12,18h,NONVOTE,INFO,Simon + Jean Loup,NA,15,novote,novote
12,1202,1,IP,NA,47.1,14.1,0,52,5,12,18h,NONVOTE,INFO,Simon + Jean Loup,NA,15,novote,novote
12,1202,2,noIP,NA,30,0,0,NA,5,12,18h,NONVOTE,INFO,Simon + Jean Loup,NA,15,novote,novote
12,1203,1,IP,NA,42.9,0,8.1,60,5,12,18h,NONVOTE,INFO,Simon + Jean Loup,NA,15,novote,novote
12,1203,2,noIP,NA,48,0,0,0,5,12,18h,NONVOTE,INFO,Simon + Jean Loup,NA,15,novote,novote
12,1204,1,IP,NA,35,0,10,10,5,12,18h,NONVOTE,INFO,Simon + Jean Loup,NA,15,novote,novote
12,1204,2,noIP,NA,70,0,0,NA,5,12,18h,NONVOTE,INFO,Simon + Jean Loup,NA,15,novote,novote
12,1205,1,IP,NA,49.8,12.8,3,33.75,5,12,18h,NONVOTE,INFO,Simon + Jean Loup,NA,15,novote,novote
12,1205,2,noIP,NA,31,0,0,0,5,12,18h,NONVOTE,INFO,Simon + Jean Loup,NA,15,novote,novote
12,1206,1,IP,NA,59.2,6,5.8,42.5,5,12,18h,NONVOTE,INFO,Simon + Jean Loup,NA,15,novote,novote
12,1206,2,noIP,NA,60,0,0,0,5,12,18h,NONVOTE,INFO,Simon + Jean Loup,NA,15,novote,novote
12,1207,1,IP,NA,49.3,2.5,11.2,44.44444444444444,5,12,18h,NONVOTE,INFO,Simon + Jean Loup,NA,15,novote,novote
12,1207,2,noIP,NA,62,0,0,0,5,12,18h,NONVOTE,INFO,Simon + Jean Loup,NA,15,novote,novote
12,1208,1,IP,NA,78.3,12.8,8.5,43.333333333333336,5,12,18h,NONVOTE,INFO,Simon + Jean Loup,NA,15,novote,novote
12,1208,2,noIP,NA,65,0,0,0,5,12,18h,NONVOTE,INFO,Simon + Jean Loup,NA,15,novote,novote
12,1209,1,IP,NA,54.4,15.2,10.8,10,5,12,18h,NONVOTE,INFO,Simon + Jean Loup,NA,15,novote,novote
12,1209,2,noIP,NA,59,0,0,0,5,12,18h,NONVOTE,INFO,Simon + Jean Loup,NA,15,novote,novote
12,1210,1,IP,NA,39.3,5.3,7,53.333333333333336,5,12,18h,NONVOTE,INFO,Simon + Jean Loup,NA,15,novote,novote
12,1210,2,noIP,NA,67,0,0,NA,5,12,18h,NONVOTE,INFO,Simon + Jean Loup,NA,15,novote,novote
12,1211,1,IP,NA,35.9,7,8.1,38.333333333333336,5,12,18h,NONVOTE,INFO,Simon + Jean Loup,NA,15,novote,novote
12,1211,2,noIP,NA,54,0,0,NA,5,12,18h,NONVOTE,INFO,Simon + Jean Loup,NA,15,novote,novote
12,1212,1,IP,NA,34.8,2.8,0,65,5,12,18h,NONVOTE,INFO,Simon + Jean Loup,NA,15,novote,novote
12,1212,2,noIP,NA,68,0,0,NA,5,12,18h,NONVOTE,INFO,Simon + Jean Loup,NA,15,novote,novote
12,1213,1,IP,NA,53.5,3.4,19.9,53,5,12,18h,NONVOTE,INFO,Simon + Jean Loup,NA,15,novote,novote
12,1213,2,noIP,NA,23,0,0,0,5,12,18h,NONVOTE,INFO,Simon + Jean Loup,NA,15,novote,novote
12,1214,1,IP,NA,105.4,41.4,6,52,5,12,18h,NONVOTE,INFO,Simon + Jean Loup,NA,15,novote,novote
12,1214,2,noIP,NA,44,0,0,0,5,12,18h,NONVOTE,INFO,Simon + Jean Loup,NA,15,novote,novote
12,1215,1,IP,NA,44.1,6,24.9,40,5,12,18h,NONVOTE,INFO,Simon + Jean Loup,NA,15,novote,novote
12,1215,2,noIP,NA,42,0,0,NA,5,12,18h,NONVOTE,INFO,Simon + Jean Loup,NA,15,novote,novote
13,1301,1,IP,0,56.9,12.7,5.8,35.714285714285715,13,12,15h,VOTE,INFO,isma,NA,15,noIP,loser
13,1301,2,noIP,0,59,0,0,NA,13,12,15h,VOTE,INFO,isma,NA,15,noIP,winner
13,1302,1,IP,0,36.5,2.5,8,51.42857142857143,13,12,15h,VOTE,INFO,isma,NA,15,noIP,loser
13,1302,2,noIP,0,36,0,0,0,13,12,15h,VOTE,INFO,isma,NA,15,noIP,winner
13,1303,1,IP,0,52.6,8,9.4,62.857142857142854,13,12,15h,VOTE,INFO,isma,NA,15,noIP,loser
13,1303,2,noIP,0,52,0,0,NA,13,12,15h,VOTE,INFO,isma,NA,15,noIP,winner
13,1304,1,IP,1,32.4,3.5,6.1,56.666666666666664,13,12,15h,VOTE,INFO,isma,NA,15,IP,winner
13,1304,2,noIP,1,66,0,0,NA,13,12,15h,VOTE,INFO,isma,NA,15,IP,loser
13,1305,1,IP,0,51,8.5,4.5,41,13,12,15h,VOTE,INFO,isma,NA,15,noIP,loser
13,1305,2,noIP,0,52,0,0,0,13,12,15h,VOTE,INFO,isma,NA,15,noIP,winner
13,1306,1,IP,1,36.6,3.5,4.9,30,13,12,15h,VOTE,INFO,isma,NA,15,IP,winner
13,1306,2,noIP,1,73,0,0,NA,13,12,15h,VOTE,INFO,isma,NA,15,IP,loser
13,1307,1,IP,0,51.1,4.5,21.4,60,13,12,15h,VOTE,INFO,isma,NA,15,noIP,loser
13,1307,2,noIP,0,66,0,0,NA,13,12,15h,VOTE,INFO,isma,NA,15,noIP,winner
13,1308,1,IP,0,25.7,4,7.3,28.571428571428573,13,12,15h,VOTE,INFO,isma,NA,15,noIP,loser
13,1308,2,noIP,0,66,0,0,0,13,12,15h,VOTE,INFO,isma,NA,15,noIP,winner
13,1309,1,IP,1,61.2,23.2,3,64.44444444444444,13,12,15h,VOTE,INFO,isma,NA,15,IP,winner
13,1309,2,noIP,1,55,0,0,0,13,12,15h,VOTE,INFO,isma,NA,15,IP,loser
13,1310,1,IP,1,52,4.5,0.5,87.5,13,12,15h,VOTE,INFO,isma,NA,15,IP,winner
13,1310,2,noIP,1,67,0,0,NA,13,12,15h,VOTE,INFO,isma,NA,15,IP,loser
13,1311,1,IP,0,47.6,6.4,5.8,51.25,13,12,15h,VOTE,INFO,isma,NA,15,noIP,loser
13,1311,2,noIP,0,39,0,0,NA,13,12,15h,VOTE,INFO,isma,NA,15,noIP,winner
13,1312,1,IP,0,41.4,6.3,10.9,65.71428571428571,13,12,15h,VOTE,INFO,isma,NA,15,noIP,loser
13,1312,2,noIP,0,62,0,0,NA,13,12,15h,VOTE,INFO,isma,NA,15,noIP,winner
13,1313,1,IP,1,45.4,2.4,2,71.25,13,12,15h,VOTE,INFO,isma,NA,15,IP,winner
13,1313,2,noIP,1,46,0,0,0,13,12,15h,VOTE,INFO,isma,NA,15,IP,loser
13,1314,1,IP,0,39.1,2,4.9,28.571428571428573,13,12,15h,VOTE,INFO,isma,NA,15,noIP,loser
13,1314,2,noIP,0,83,0,0,NA,13,12,15h,VOTE,INFO,isma,NA,15,noIP,winner
13,1315,1,IP,0,52.5,2.5,0,30,13,12,15h,VOTE,INFO,isma,NA,15,noIP,loser
13,1315,2,noIP,0,64,0,0,NA,13,12,15h,VOTE,INFO,isma,NA,15,noIP,winner
14,1401,1,IP,0,73,15.5,10.5,54.44444444444444,14,12,12h30,VOTE,INFO,isma,NA,15,noIP,loser
14,1401,2,noIP,0,38,0,0,NA,14,12,12h30,VOTE,INFO,isma,NA,15,noIP,winner
14,1402,1,IP,1,68.9,9.3,20.4,53,14,12,12h30,VOTE,INFO,isma,NA,15,IP,winner
14,1402,2,noIP,1,83,0,0,NA,14,12,12h30,VOTE,INFO,isma,NA,15,IP,loser
14,1403,1,IP,1,59.1,8.1,2,30,14,12,12h30,VOTE,INFO,isma,NA,15,IP,winner
14,1403,2,noIP,1,54,0,0,0,14,12,12h30,VOTE,INFO,isma,NA,15,IP,loser
14,1404,1,IP,0,55.7,10.7,4,46.666666666666664,14,12,12h30,VOTE,INFO,isma,NA,15,noIP,loser
14,1404,2,noIP,0,67,0,0,0,14,12,12h30,VOTE,INFO,isma,NA,15,noIP,winner
14,1405,1,IP,0,45.5,10.7,14.2,49,14,12,12h30,VOTE,INFO,isma,NA,15,noIP,loser
14,1405,2,noIP,0,69,0,0,NA,14,12,12h30,VOTE,INFO,isma,NA,15,noIP,winner
14,1406,1,IP,1,27.8,6,9.2,62.22222222222222,14,12,12h30,VOTE,INFO,isma,NA,15,IP,winner
14,1406,2,noIP,1,40,0,0,0,14,12,12h30,VOTE,INFO,isma,NA,15,IP,loser
14,1407,1,IP,0,48.2,7.6,10.4,62.22222222222222,14,12,12h30,VOTE,INFO,isma,NA,15,noIP,loser
14,1407,2,noIP,0,55,0,0,NA,14,12,12h30,VOTE,INFO,isma,NA,15,noIP,winner
14,1408,1,IP,1,51.6,13.9,4.3,44.285714285714285,14,12,12h30,VOTE,INFO,isma,NA,15,IP,winner
14,1408,2,noIP,1,65,0,0,NA,14,12,12h30,VOTE,INFO,isma,NA,15,IP,loser
14,1409,1,IP,0,35.2,3.5,10.3,43,14,12,12h30,VOTE,INFO,isma,NA,15,noIP,loser
14,1409,2,noIP,0,62,0,0,0,14,12,12h30,VOTE,INFO,isma,NA,15,noIP,winner
14,1410,1,IP,1,47,14.5,14.5,70,14,12,12h30,VOTE,INFO,isma,NA,15,IP,winner
14,1410,2,IP,1,40.4,3,18.6,61,14,12,12h30,VOTE,INFO,isma,NA,15,IP,winner
14,1411,1,IP,1,49.5,12,0.5,40,14,12,12h30,VOTE,INFO,isma,NA,15,IP,winner
14,1411,2,IP,1,84.4,8.4,0,8.75,14,12,12h30,VOTE,INFO,isma,NA,15,IP,winner
14,1412,1,IP,1,23.5,2.5,14,65,14,12,12h30,VOTE,INFO,isma,NA,15,IP,winner
14,1412,2,IP,1,50.2,11.6,4.4,64.28571428571429,14,12,12h30,VOTE,INFO,isma,NA,15,IP,winner
14,1413,1,IP,1,27,0,0,50,14,12,12h30,VOTE,INFO,isma,NA,15,IP,winner
14,1413,2,IP,1,44.5,2,2.5,32.5,14,12,12h30,VOTE,INFO,isma,NA,15,IP,winner
14,1414,1,IP,1,41,15,0,30,14,12,12h30,VOTE,INFO,isma,NA,15,IP,winner
14,1414,2,IP,1,32.3,5.3,7,40,14,12,12h30,VOTE,INFO,isma,NA,15,IP,winner
14,1415,1,IP,1,59,0,15,53,14,12,12h30,VOTE,INFO,isma,NA,15,IP,winner
14,1415,2,IP,1,51.2,7,4.8,41.666666666666664,14,12,12h30,VOTE,INFO,isma,NA,15,IP,winner
15,1501,1,IP,0,47.9,13.9,0,27.77777777777778,4,12,15h,VOTE,NONINFO,Simon + Ismaël + Raul,"(Participants informés d'un gain de 10 euros + 5 euros ajoutés ""suite à des problèmes dans l'expérience"")",15,noIP,loser
15,1501,2,noIP,0,41,0,0,0,4,12,15h,VOTE,NONINFO,Simon + Ismaël + Raul,"(Participants informés d'un gain de 10 euros + 5 euros ajoutés ""suite à des problèmes dans l'expérience"")",15,noIP,winner
15,1502,1,IP,1,41.3,0.4,13.1,32.22222222222222,4,12,15h,VOTE,NONINFO,Simon + Ismaël + Raul,"(Participants informés d'un gain de 10 euros + 5 euros ajoutés ""suite à des problèmes dans l'expérience"")",15,IP,winner
15,1502,2,noIP,1,63,0,0,NA,4,12,15h,VOTE,NONINFO,Simon + Ismaël + Raul,"(Participants informés d'un gain de 10 euros + 5 euros ajoutés ""suite à des problèmes dans l'expérience"")",15,IP,loser
15,1503,1,IP,0,47.8,3.2,4.4,58.57142857142857,4,12,15h,VOTE,NONINFO,Simon + Ismaël + Raul,"(Participants informés d'un gain de 10 euros + 5 euros ajoutés ""suite à des problèmes dans l'expérience"")",15,noIP,loser
15,1503,2,noIP,0,47,0,0,0,4,12,15h,VOTE,NONINFO,Simon + Ismaël + Raul,"(Participants informés d'un gain de 10 euros + 5 euros ajoutés ""suite à des problèmes dans l'expérience"")",15,noIP,winner
15,1504,1,IP,0,47.9,3.6,12.7,35,4,12,15h,VOTE,NONINFO,Simon + Ismaël + Raul,"(Participants informés d'un gain de 10 euros + 5 euros ajoutés ""suite à des problèmes dans l'expérience"")",15,noIP,loser
15,1504,2,noIP,0,59,0,0,NA,4,12,15h,VOTE,NONINFO,Simon + Ismaël + Raul,"(Participants informés d'un gain de 10 euros + 5 euros ajoutés ""suite à des problèmes dans l'expérience"")",15,noIP,winner
15,1505,1,IP,1,63.3,19.7,6.4,41.42857142857143,4,12,15h,VOTE,NONINFO,Simon + Ismaël + Raul,"(Participants informés d'un gain de 10 euros + 5 euros ajoutés ""suite à des problèmes dans l'expérience"")",15,IP,winner
15,1505,2,noIP,1,50,0,0,0,4,12,15h,VOTE,NONINFO,Simon + Ismaël + Raul,"(Participants informés d'un gain de 10 euros + 5 euros ajoutés ""suite à des problèmes dans l'expérience"")",15,IP,loser
15,1506,1,IP,0,48.8,8.2,12.4,55,4,12,15h,VOTE,NONINFO,Simon + Ismaël + Raul,"(Participants informés d'un gain de 10 euros + 5 euros ajoutés ""suite à des problèmes dans l'expérience"")",15,noIP,loser
15,1506,2,noIP,0,52,0,0,NA,4,12,15h,VOTE,NONINFO,Simon + Ismaël + Raul,"(Participants informés d'un gain de 10 euros + 5 euros ajoutés ""suite à des problèmes dans l'expérience"")",15,noIP,winner
15,1507,1,IP,1,42.1,6.7,3.5999999999999996,80,4,12,15h,VOTE,NONINFO,Simon + Ismaël + Raul,"(Participants informés d'un gain de 10 euros + 5 euros ajoutés ""suite à des problèmes dans l'expérience"")",15,IP,winner
15,1507,2,noIP,1,71,0,0,0,4,12,15h,VOTE,NONINFO,Simon + Ismaël + Raul,"(Participants informés d'un gain de 10 euros + 5 euros ajoutés ""suite à des problèmes dans l'expérience"")",15,IP,loser
15,1508,1,IP,0,33.9,3.5999999999999996,11.7,51.111111111111114,4,12,15h,VOTE,NONINFO,Simon + Ismaël + Raul,"(Participants informés d'un gain de 10 euros + 5 euros ajoutés ""suite à des problèmes dans l'expérience"")",15,noIP,loser
15,1508,2,noIP,0,72,0,0,0,4,12,15h,VOTE,NONINFO,Simon + Ismaël + Raul,"(Participants informés d'un gain de 10 euros + 5 euros ajoutés ""suite à des problèmes dans l'expérience"")",15,noIP,winner
15,1509,1,IP,1,41,5,0,33.333333333333336,4,12,15h,VOTE,NONINFO,Simon + Ismaël + Raul,"(Participants informés d'un gain de 10 euros + 5 euros ajoutés ""suite à des problèmes dans l'expérience"")",15,IP,winner
15,1509,2,noIP,1,51,0,0,NA,4,12,15h,VOTE,NONINFO,Simon + Ismaël + Raul,"(Participants informés d'un gain de 10 euros + 5 euros ajoutés ""suite à des problèmes dans l'expérience"")",15,IP,loser
15,1510,1,IP,1,52.3,14.4,2.1,57.77777777777778,4,12,15h,VOTE,NONINFO,Simon + Ismaël + Raul,"(Participants informés d'un gain de 10 euros + 5 euros ajoutés ""suite à des problèmes dans l'expérience"")",15,IP,winner
15,1510,2,noIP,1,50,0,0,0,4,12,15h,VOTE,NONINFO,Simon + Ismaël + Raul,"(Participants informés d'un gain de 10 euros + 5 euros ajoutés ""suite à des problèmes dans l'expérience"")",15,IP,loser
15,1511,1,IP,0,37.4,1.8,10.4,36.666666666666664,4,12,15h,VOTE,NONINFO,Simon + Ismaël + Raul,"(Participants informés d'un gain de 10 euros + 5 euros ajoutés ""suite à des problèmes dans l'expérience"")",15,noIP,loser
15,1511,2,noIP,0,85,0,0,0,4,12,15h,VOTE,NONINFO,Simon + Ismaël + Raul,"(Participants informés d'un gain de 10 euros + 5 euros ajoutés ""suite à des problèmes dans l'expérience"")",15,noIP,winner
15,1512,1,IP,0,28.3,2.9000000000000004,6.6,62.857142857142854,4,12,15h,VOTE,NONINFO,Simon + Ismaël + Raul,"(Participants informés d'un gain de 10 euros + 5 euros ajoutés ""suite à des problèmes dans l'expérience"")",15,noIP,loser
15,1512,2,noIP,0,50,0,0,NA,4,12,15h,VOTE,NONINFO,Simon + Ismaël + Raul,"(Participants informés d'un gain de 10 euros + 5 euros ajoutés ""suite à des problèmes dans l'expérience"")",15,noIP,winner
15,1513,1,IP,1,31.2,3.2,0,58.333333333333336,4,12,15h,VOTE,NONINFO,Simon + Ismaël + Raul,"(Participants informés d'un gain de 10 euros + 5 euros ajoutés ""suite à des problèmes dans l'expérience"")",15,IP,winner
15,1513,2,IP,1,34.7,3.8,10.1,68.57142857142857,4,12,15h,VOTE,NONINFO,Simon + Ismaël + Raul,"(Participants informés d'un gain de 10 euros + 5 euros ajoutés ""suite à des problèmes dans l'expérience"")",15,IP,winner
15,1514,1,IP,1,14.8,0,3.2,20,4,12,15h,VOTE,NONINFO,Simon + Ismaël + Raul,"(Participants informés d'un gain de 10 euros + 5 euros ajoutés ""suite à des problèmes dans l'expérience"")",15,IP,winner
15,1514,2,IP,1,49.6,10.1,12.5,81.42857142857143,4,12,15h,VOTE,NONINFO,Simon + Ismaël + Raul,"(Participants informés d'un gain de 10 euros + 5 euros ajoutés ""suite à des problèmes dans l'expérience"")",15,IP,winner
15,1515,1,IP,1,36,0,0,34,4,12,15h,VOTE,NONINFO,Simon + Ismaël + Raul,"(Participants informés d'un gain de 10 euros + 5 euros ajoutés ""suite à des problèmes dans l'expérience"")",15,IP,winner
15,1515,2,IP,1,53.7,8.7,0,60,4,12,15h,VOTE,NONINFO,Simon + Ismaël + Raul,"(Participants informés d'un gain de 10 euros + 5 euros ajoutés ""suite à des problèmes dans l'expérience"")",15,IP,winner
16,1601,1,IP,NA,47.5,3.5,9,50,6,12,18h,NONVOTE,INFO,Simon + Jean Loup,NA,15,novote,novote
16,1601,2,noIP,NA,51,0,0,NA,6,12,18h,NONVOTE,INFO,Simon + Jean Loup,NA,15,novote,novote
16,1602,1,IP,NA,49.5,9,26.5,54,6,12,18h,NONVOTE,INFO,Simon + Jean Loup,NA,15,novote,novote
16,1602,2,noIP,NA,74,0,0,NA,6,12,18h,NONVOTE,INFO,Simon + Jean Loup,NA,15,novote,novote
16,1603,1,IP,NA,87,29.5,6.5,100,6,12,18h,NONVOTE,INFO,Simon + Jean Loup,NA,15,novote,novote
16,1603,2,noIP,NA,77,0,0,NA,6,12,18h,NONVOTE,INFO,Simon + Jean Loup,NA,15,novote,novote
16,1604,1,IP,NA,46.2,7.5,4.3,75,6,12,18h,NONVOTE,INFO,Simon + Jean Loup,NA,15,novote,novote
16,1604,2,noIP,NA,46,0,0,0,6,12,18h,NONVOTE,INFO,Simon + Jean Loup,NA,15,novote,novote
16,1605,1,IP,NA,28.3,2.8,8.5,52.22222222222222,6,12,18h,NONVOTE,INFO,Simon + Jean Loup,NA,15,novote,novote
16,1605,2,noIP,NA,55,0,0,0,6,12,18h,NONVOTE,INFO,Simon + Jean Loup,NA,15,novote,novote
16,1606,1,IP,NA,39.5,7,4.5,70,6,12,18h,NONVOTE,INFO,Simon + Jean Loup,NA,15,novote,novote
16,1606,2,noIP,NA,87,0,0,NA,6,12,18h,NONVOTE,INFO,Simon + Jean Loup,NA,15,novote,novote
16,1607,1,IP,NA,41.3,3.1,3.8,81.66666666666667,6,12,18h,NONVOTE,INFO,Simon + Jean Loup,NA,15,novote,novote
16,1607,2,noIP,NA,39,0,0,0,6,12,18h,NONVOTE,INFO,Simon + Jean Loup,NA,15,novote,novote
16,1608,1,IP,NA,33.2,3.2,0,22.857142857142858,6,12,18h,NONVOTE,INFO,Simon + Jean Loup,NA,15,novote,novote
16,1608,2,noIP,NA,57,0,0,NA,6,12,18h,NONVOTE,INFO,Simon + Jean Loup,NA,15,novote,novote
16,1609,1,IP,NA,30.5,2.5,5,30,6,12,18h,NONVOTE,INFO,Simon + Jean Loup,NA,15,novote,novote
16,1609,2,noIP,NA,66,0,0,NA,6,12,18h,NONVOTE,INFO,Simon + Jean Loup,NA,15,novote,novote
16,1610,1,IP,NA,35.4,11.5,6.1,70,6,12,18h,NONVOTE,INFO,Simon + Jean Loup,NA,15,novote,novote
16,1610,2,noIP,NA,44,0,0,0,6,12,18h,NONVOTE,INFO,Simon + Jean Loup,NA,15,novote,novote
16,1611,1,IP,NA,52.9,10.5,10.6,54,6,12,18h,NONVOTE,INFO,Simon + Jean Loup,NA,15,novote,novote
16,1611,2,noIP,NA,54,0,0,0,6,12,18h,NONVOTE,INFO,Simon + Jean Loup,NA,15,novote,novote
16,1612,1,IP,NA,45.7,5.7,11,35,6,12,18h,NONVOTE,INFO,Simon + Jean Loup,NA,15,novote,novote
16,1612,2,noIP,NA,94,0,0,NA,6,12,18h,NONVOTE,INFO,Simon + Jean Loup,NA,15,novote,novote
16,1613,1,IP,NA,41.2,10.5,10.3,47.5,6,12,18h,NONVOTE,INFO,Simon + Jean Loup,NA,15,novote,novote
16,1613,2,noIP,NA,56,0,0,NA,6,12,18h,NONVOTE,INFO,Simon + Jean Loup,NA,15,novote,novote
16,1614,1,IP,NA,35.1,7,8.9,76.66666666666667,6,12,18h,NONVOTE,INFO,Simon + Jean Loup,NA,15,novote,novote
16,1614,2,noIP,NA,54,0,0,0,6,12,18h,NONVOTE,INFO,Simon + Jean Loup,NA,15,novote,novote
16,1615,1,IP,NA,53.7,15.1,13.4,67.5,6,12,18h,NONVOTE,INFO,Simon + Jean Loup,NA,15,novote,novote
16,1615,2,noIP,NA,73,0,0,NA,6,12,18h,NONVOTE,INFO,Simon + Jean Loup,NA,15,novote,novote
17,1701,1,IP,1,46.4,12.6,9.2,28.571428571428573,3,12,10h,VOTE,NONINFO,Simon + Ismaël + Jean-Loup,"Paiement moyen faible, nous avons ajouté 3 euros à tout le monde.",8,IP,winner
17,1701,2,noIP,1,40,0,0,NA,3,12,10h,VOTE,NONINFO,Simon + Ismaël + Jean-Loup,"Paiement moyen faible, nous avons ajouté 3 euros à tout le monde.",8,IP,loser
17,1702,1,IP,0,66.1,3.5,11.4,46.666666666666664,3,12,10h,VOTE,NONINFO,Simon + Ismaël + Jean-Loup,"Paiement moyen faible, nous avons ajouté 3 euros à tout le monde.",8,noIP,loser
17,1702,2,noIP,0,74,0,0,NA,3,12,10h,VOTE,NONINFO,Simon + Ismaël + Jean-Loup,"Paiement moyen faible, nous avons ajouté 3 euros à tout le monde.",8,noIP,winner
17,1703,1,IP,0,62.5,11.5,7,33.333333333333336,3,12,10h,VOTE,NONINFO,Simon + Ismaël + Jean-Loup,"Paiement moyen faible, nous avons ajouté 3 euros à tout le monde.",8,noIP,loser
17,1703,2,noIP,0,60,0,0,0,3,12,10h,VOTE,NONINFO,Simon + Ismaël + Jean-Loup,"Paiement moyen faible, nous avons ajouté 3 euros à tout le monde.",8,noIP,winner
17,1704,1,IP,1,48.2,10.8,10.6,78.57142857142857,3,12,10h,VOTE,NONINFO,Simon + Ismaël + Jean-Loup,"Paiement moyen faible, nous avons ajouté 3 euros à tout le monde.",8,IP,winner
17,1704,2,noIP,1,84,0,0,NA,3,12,10h,VOTE,NONINFO,Simon + Ismaël + Jean-Loup,"Paiement moyen faible, nous avons ajouté 3 euros à tout le monde.",8,IP,loser
17,1705,1,IP,1,53.8,15.2,13.4,58.75,3,12,10h,VOTE,NONINFO,Simon + Ismaël + Jean-Loup,"Paiement moyen faible, nous avons ajouté 3 euros à tout le monde.",8,IP,winner
17,1705,2,noIP,1,41,0,0,0,3,12,10h,VOTE,NONINFO,Simon + Ismaël + Jean-Loup,"Paiement moyen faible, nous avons ajouté 3 euros à tout le monde.",8,IP,loser
17,1706,1,IP,0,59,4.6,6.6,70,3,12,10h,VOTE,NONINFO,Simon + Ismaël + Jean-Loup,"Paiement moyen faible, nous avons ajouté 3 euros à tout le monde.",8,noIP,loser
17,1706,2,noIP,0,51,0,0,NA,3,12,10h,VOTE,NONINFO,Simon + Ismaël + Jean-Loup,"Paiement moyen faible, nous avons ajouté 3 euros à tout le monde.",8,noIP,winner
17,1707,1,IP,0,44.2,2.7,5.5,35,3,12,10h,VOTE,NONINFO,Simon + Ismaël + Jean-Loup,"Paiement moyen faible, nous avons ajouté 3 euros à tout le monde.",8,noIP,loser
17,1707,2,noIP,0,55,0,0,NA,3,12,10h,VOTE,NONINFO,Simon + Ismaël + Jean-Loup,"Paiement moyen faible, nous avons ajouté 3 euros à tout le monde.",8,noIP,winner
17,1708,1,IP,1,31.8,9.3,4.5,20,3,12,10h,VOTE,NONINFO,Simon + Ismaël + Jean-Loup,"Paiement moyen faible, nous avons ajouté 3 euros à tout le monde.",8,IP,winner
17,1708,2,noIP,1,35,0,0,0,3,12,10h,VOTE,NONINFO,Simon + Ismaël + Jean-Loup,"Paiement moyen faible, nous avons ajouté 3 euros à tout le monde.",8,IP,loser
17,1709,1,IP,0,31,4.2,6.2,22.5,3,12,10h,VOTE,NONINFO,Simon + Ismaël + Jean-Loup,"Paiement moyen faible, nous avons ajouté 3 euros à tout le monde.",8,noIP,loser
17,1709,2,noIP,0,61,0,0,0,3,12,10h,VOTE,NONINFO,Simon + Ismaël + Jean-Loup,"Paiement moyen faible, nous avons ajouté 3 euros à tout le monde.",8,noIP,winner
17,1710,1,IP,1,30.6,1.2,0.6,25,3,12,10h,VOTE,NONINFO,Simon + Ismaël + Jean-Loup,"Paiement moyen faible, nous avons ajouté 3 euros à tout le monde.",8,IP,winner
17,1710,2,noIP,1,27,0,0,0,3,12,10h,VOTE,NONINFO,Simon + Ismaël + Jean-Loup,"Paiement moyen faible, nous avons ajouté 3 euros à tout le monde.",8,IP,loser
17,1711,1,IP,0,72.8,7,6.2,50,3,12,10h,VOTE,NONINFO,Simon + Ismaël + Jean-Loup,"Paiement moyen faible, nous avons ajouté 3 euros à tout le monde.",8,noIP,loser
17,1711,2,noIP,0,66,0,0,0,3,12,10h,VOTE,NONINFO,Simon + Ismaël + Jean-Loup,"Paiement moyen faible, nous avons ajouté 3 euros à tout le monde.",8,noIP,winner
17,1712,1,IP,0,45.6,5.6,7,36.25,3,12,10h,VOTE,NONINFO,Simon + Ismaël + Jean-Loup,"Paiement moyen faible, nous avons ajouté 3 euros à tout le monde.",8,noIP,loser
17,1712,2,noIP,0,56,0,0,0,3,12,10h,VOTE,NONINFO,Simon + Ismaël + Jean-Loup,"Paiement moyen faible, nous avons ajouté 3 euros à tout le monde.",8,noIP,winner
17,1713,1,IP,0,40.6,2.4,10.8,45,3,12,10h,VOTE,NONINFO,Simon + Ismaël + Jean-Loup,"Paiement moyen faible, nous avons ajouté 3 euros à tout le monde.",8,noIP,loser
17,1713,2,noIP,0,31,0,0,0,3,12,10h,VOTE,NONINFO,Simon + Ismaël + Jean-Loup,"Paiement moyen faible, nous avons ajouté 3 euros à tout le monde.",8,noIP,winner
17,1714,1,IP,1,57.8,8.8,0,25.555555555555557,3,12,10h,VOTE,NONINFO,Simon + Ismaël + Jean-Loup,"Paiement moyen faible, nous avons ajouté 3 euros à tout le monde.",8,IP,winner
17,1714,2,noIP,1,46,0,0,0,3,12,10h,VOTE,NONINFO,Simon + Ismaël + Jean-Loup,"Paiement moyen faible, nous avons ajouté 3 euros à tout le monde.",8,IP,loser
17,1715,1,IP,0,68.6,6,6.4,52.5,3,12,10h,VOTE,NONINFO,Simon + Ismaël + Jean-Loup,"Paiement moyen faible, nous avons ajouté 3 euros à tout le monde.",8,noIP,loser
17,1715,2,noIP,0,52,0,0,0,3,12,10h,VOTE,NONINFO,Simon + Ismaël + Jean-Loup,"Paiement moyen faible, nous avons ajouté 3 euros à tout le monde.",8,noIP,winner
18,1801,1,IP,NA,65,0,3,70,12,12,15h,NONVOTE,INFO,isma,NA,15,novote,novote
18,1801,2,noIP,NA,38,0,0,0,12,12,15h,NONVOTE,INFO,isma,NA,15,novote,novote
18,1802,1,IP,NA,62.8,3,6.2,39,12,12,15h,NONVOTE,INFO,isma,NA,15,novote,novote
18,1802,2,noIP,NA,52,0,0,0,12,12,15h,NONVOTE,INFO,isma,NA,15,novote,novote
18,1803,1,IP,NA,49.2,6.2,0,64,12,12,15h,NONVOTE,INFO,isma,NA,15,novote,novote
18,1803,2,noIP,NA,74,0,0,0,12,12,15h,NONVOTE,INFO,isma,NA,15,novote,novote
18,1804,1,IP,NA,53.9,7.5,10.6,64.44444444444444,12,12,15h,NONVOTE,INFO,isma,NA,15,novote,novote
18,1804,2,noIP,NA,73,0,0,0,12,12,15h,NONVOTE,INFO,isma,NA,15,novote,novote
18,1805,1,IP,NA,80.3,5,9.7,93.33333333333331,12,12,15h,NONVOTE,INFO,isma,NA,15,novote,novote
18,1805,2,noIP,NA,54,0,0,0,12,12,15h,NONVOTE,INFO,isma,NA,15,novote,novote
18,1806,1,IP,NA,73.8,14.8,7,35,12,12,15h,NONVOTE,INFO,isma,NA,15,novote,novote
18,1806,2,noIP,NA,50,0,0,0,12,12,15h,NONVOTE,INFO,isma,NA,15,novote,novote
18,1807,1,IP,NA,55.1,7.9,8.8,28.88888888888889,12,12,15h,NONVOTE,INFO,isma,NA,15,novote,novote
18,1807,2,noIP,NA,38,0,0,NA,12,12,15h,NONVOTE,INFO,isma,NA,15,novote,novote
18,1808,1,IP,NA,68.9,9.4,7.5,35,12,12,15h,NONVOTE,INFO,isma,NA,15,novote,novote
18,1808,2,noIP,NA,36,0,0,0,12,12,15h,NONVOTE,INFO,isma,NA,15,novote,novote
18,1809,1,IP,NA,33,8.3,9.3,56,12,12,15h,NONVOTE,INFO,isma,NA,15,novote,novote
18,1809,2,noIP,NA,32,0,0,0,12,12,15h,NONVOTE,INFO,isma,NA,15,novote,novote
18,1810,1,IP,NA,23,8,3,21.25,12,12,15h,NONVOTE,INFO,isma,NA,15,novote,novote
18,1810,2,noIP,NA,50,0,0,0,12,12,15h,NONVOTE,INFO,isma,NA,15,novote,novote
18,1811,1,IP,NA,64.2,5.5,3.3,41.25,12,12,15h,NONVOTE,INFO,isma,NA,15,novote,novote
18,1811,2,noIP,NA,60,0,0,NA,12,12,15h,NONVOTE,INFO,isma,NA,15,novote,novote
18,1812,1,IP,NA,42.8,3.3,10.5,48.75,12,12,15h,NONVOTE,INFO,isma,NA,15,novote,novote
18,1812,2,noIP,NA,51,0,0,0,12,12,15h,NONVOTE,INFO,isma,NA,15,novote,novote
18,1813,1,IP,NA,51.6,7.9,3.3,50,12,12,15h,NONVOTE,INFO,isma,NA,15,novote,novote
18,1813,2,noIP,NA,70,0,0,NA,12,12,15h,NONVOTE,INFO,isma,NA,15,novote,novote
18,1814,1,IP,NA,60.6,7.6,0,31.25,12,12,15h,NONVOTE,INFO,isma,NA,15,novote,novote
18,1814,2,noIP,NA,19,0,0,0,12,12,15h,NONVOTE,INFO,isma,NA,15,novote,novote
18,1815,1,IP,NA,42.8,2.5,14.7,62.857142857142854,12,12,15h,NONVOTE,INFO,isma,NA,15,novote,novote
18,1815,2,noIP,NA,53,0,0,NA,12,12,15h,NONVOTE,INFO,isma,NA,15,novote,novote
19,1901,1,IP,NA,83.6,13.6,16,76,4,12,18h,NONVOTE,NONINFO,Ismaël + Simon,NA,15,novote,novote
19,1901,2,noIP,NA,66,0,0,0,4,12,18h,NONVOTE,NONINFO,Ismaël + Simon,NA,15,novote,novote
19,1902,1,IP,NA,44.3,20.5,7.2,45.714285714285715,4,12,18h,NONVOTE,NONINFO,Ismaël + Simon,NA,15,novote,novote
19,1902,2,noIP,NA,60,0,0,NA,4,12,18h,NONVOTE,NONINFO,Ismaël + Simon,NA,15,novote,novote
19,1903,1,IP,NA,43.1,3,13.9,66.25,4,12,18h,NONVOTE,NONINFO,Ismaël + Simon,NA,15,novote,novote
19,1903,2,noIP,NA,69,0,0,0,4,12,18h,NONVOTE,NONINFO,Ismaël + Simon,NA,15,novote,novote
19,1904,1,IP,NA,57.1,7.800000000000001,3.7,43.75,4,12,18h,NONVOTE,NONINFO,Ismaël + Simon,NA,15,novote,novote
19,1904,2,noIP,NA,70,0,0,NA,4,12,18h,NONVOTE,NONINFO,Ismaël + Simon,NA,15,novote,novote
19,1905,1,IP,NA,62.4,6.2,15.8,46.666666666666664,4,12,18h,NONVOTE,NONINFO,Ismaël + Simon,NA,15,novote,novote
19,1905,2,noIP,NA,91,0,0,0,4,12,18h,NONVOTE,NONINFO,Ismaël + Simon,NA,15,novote,novote
19,1906,1,IP,NA,48.5,8,2.5,35.714285714285715,4,12,18h,NONVOTE,NONINFO,Ismaël + Simon,NA,15,novote,novote
19,1906,2,noIP,NA,71,0,0,0,4,12,18h,NONVOTE,NONINFO,Ismaël + Simon,NA,15,novote,novote
19,1907,1,IP,NA,36.1,7,14.9,71.25,4,12,18h,NONVOTE,NONINFO,Ismaël + Simon,NA,15,novote,novote
19,1907,2,noIP,NA,54,0,0,NA,4,12,18h,NONVOTE,NONINFO,Ismaël + Simon,NA,15,novote,novote
19,1908,1,IP,NA,28.2,10.6,11.4,43.333333333333336,4,12,18h,NONVOTE,NONINFO,Ismaël + Simon,NA,15,novote,novote
19,1908,2,noIP,NA,44,0,0,0,4,12,18h,NONVOTE,NONINFO,Ismaël + Simon,NA,15,novote,novote
19,1909,1,IP,NA,44.7,11.2,2.5,42.22222222222222,4,12,18h,NONVOTE,NONINFO,Ismaël + Simon,NA,15,novote,novote
19,1909,2,noIP,NA,51,0,0,0,4,12,18h,NONVOTE,NONINFO,Ismaël + Simon,NA,15,novote,novote
19,1910,1,IP,NA,44.3,3.8,5.5,63,4,12,18h,NONVOTE,NONINFO,Ismaël + Simon,NA,15,novote,novote
19,1910,2,noIP,NA,73,0,0,NA,4,12,18h,NONVOTE,NONINFO,Ismaël + Simon,NA,15,novote,novote
19,1911,1,IP,NA,39.5,4.5,0,41.666666666666664,4,12,18h,NONVOTE,NONINFO,Ismaël + Simon,NA,15,novote,novote
19,1911,2,noIP,NA,58,0,0,NA,4,12,18h,NONVOTE,NONINFO,Ismaël + Simon,NA,15,novote,novote
19,1912,1,IP,NA,60.2,3,5.8,46,4,12,18h,NONVOTE,NONINFO,Ismaël + Simon,NA,15,novote,novote
19,1912,2,noIP,NA,44,0,0,0,4,12,18h,NONVOTE,NONINFO,Ismaël + Simon,NA,15,novote,novote
19,1913,1,IP,NA,64,21,13,68,4,12,18h,NONVOTE,NONINFO,Ismaël + Simon,NA,15,novote,novote
19,1913,2,noIP,NA,34,0,0,0,4,12,18h,NONVOTE,NONINFO,Ismaël + Simon,NA,15,novote,novote
19,1914,1,IP,NA,38.6,3.5,16.9,58,4,12,18h,NONVOTE,NONINFO,Ismaël + Simon,NA,15,novote,novote
19,1914,2,noIP,NA,45,0,0,0,4,12,18h,NONVOTE,NONINFO,Ismaël + Simon,NA,15,novote,novote
19,1915,1,IP,NA,53.4,10.1,4.7,26.25,4,12,18h,NONVOTE,NONINFO,Ismaël + Simon,NA,15,novote,novote
19,1915,2,noIP,NA,70,0,0,0,4,12,18h,NONVOTE,NONINFO,Ismaël + Simon,NA,15,novote,novote
20,2001,1,IP,1,69.7,11.4,2.7,44.44444444444444,10,12,10h,VOTE,NONINFO,Paolo,Coupure elec !! uniquement scrabble,15,IP,winner
20,2001,2,IP,1,39.6,2,10.4,47.77777777777778,10,12,10h,VOTE,NONINFO,Paolo,Coupure elec !! uniquement scrabble,15,IP,winner
20,2002,1,IP,1,37.3,0,10.7,56,10,12,10h,VOTE,NONINFO,Paolo,Coupure elec !! uniquement scrabble,15,IP,winner
20,2002,2,IP,1,28.8,0.8,7,38.888888888888886,10,12,10h,VOTE,NONINFO,Paolo,Coupure elec !! uniquement scrabble,15,IP,winner
20,2003,1,IP,1,88,7.999999999999999,6,36.666666666666664,10,12,10h,VOTE,NONINFO,Paolo,Coupure elec !! uniquement scrabble,15,IP,winner
20,2003,2,IP,1,71.6,15,0.4,33.75,10,12,10h,VOTE,NONINFO,Paolo,Coupure elec !! uniquement scrabble,15,IP,winner
20,2004,1,IP,0,57.7,6.6,8.9,49,10,12,10h,VOTE,NONINFO,Paolo,Coupure elec !! uniquement scrabble,15,noIP,loser
20,2004,2,noIP,0,58,0,0,NA,10,12,10h,VOTE,NONINFO,Paolo,Coupure elec !! uniquement scrabble,15,noIP,winner
20,2005,1,IP,1,41,3,0,42.22222222222222,10,12,10h,VOTE,NONINFO,Paolo,Coupure elec !! uniquement scrabble,15,IP,winner
20,2005,2,noIP,1,44,0,0,0,10,12,10h,VOTE,NONINFO,Paolo,Coupure elec !! uniquement scrabble,15,IP,loser
20,2006,1,IP,1,80.3,8.9,9.6,62,10,12,10h,VOTE,NONINFO,Paolo,Coupure elec !! uniquement scrabble,15,IP,winner
20,2006,2,noIP,1,63,0,0,0,10,12,10h,VOTE,NONINFO,Paolo,Coupure elec !! uniquement scrabble,15,IP,loser
20,2007,1,IP,0,48.2,1,16.8,32,10,12,10h,VOTE,NONINFO,Paolo,Coupure elec !! uniquement scrabble,15,noIP,loser
20,2007,2,noIP,0,79,0,0,0,10,12,10h,VOTE,NONINFO,Paolo,Coupure elec !! uniquement scrabble,15,noIP,winner
20,2008,1,IP,1,67.3,17.8,8.5,45.714285714285715,10,12,10h,VOTE,NONINFO,Paolo,Coupure elec !! uniquement scrabble,15,IP,winner
20,2008,2,noIP,1,65,0,0,NA,10,12,10h,VOTE,NONINFO,Paolo,Coupure elec !! uniquement scrabble,15,IP,loser
20,2009,1,IP,0,73.5,13.6,7.1,47.142857142857146,10,12,10h,VOTE,NONINFO,Paolo,Coupure elec !! uniquement scrabble,15,noIP,loser
20,2009,2,noIP,0,85,0,0,NA,10,12,10h,VOTE,NONINFO,Paolo,Coupure elec !! uniquement scrabble,15,noIP,winner
20,2010,1,IP,0,105.2,17,14.8,41,10,12,10h,VOTE,NONINFO,Paolo,Coupure elec !! uniquement scrabble,15,noIP,loser
20,2010,2,noIP,0,64,0,0,0,10,12,10h,VOTE,NONINFO,Paolo,Coupure elec !! uniquement scrabble,15,noIP,winner
20,2011,1,IP,1,35.5,9.2,8.7,24,10,12,10h,VOTE,NONINFO,Paolo,Coupure elec !! uniquement scrabble,15,IP,winner
20,2011,2,noIP,1,26,0,0,0,10,12,10h,VOTE,NONINFO,Paolo,Coupure elec !! uniquement scrabble,15,IP,loser
20,2012,1,IP,0,72.3,13.6,16.3,97,10,12,10h,VOTE,NONINFO,Paolo,Coupure elec !! uniquement scrabble,15,noIP,loser
20,2012,2,noIP,0,78,0,0,0,10,12,10h,VOTE,NONINFO,Paolo,Coupure elec !! uniquement scrabble,15,noIP,winner
20,2013,1,IP,1,61.4,0,5.6,46,10,12,10h,VOTE,NONINFO,Paolo,Coupure elec !! uniquement scrabble,15,IP,winner
20,2013,2,noIP,1,42,0,0,NA,10,12,10h,VOTE,NONINFO,Paolo,Coupure elec !! uniquement scrabble,15,IP,loser
20,2014,1,IP,1,57.9,6,4.1,52.857142857142854,10,12,10h,VOTE,NONINFO,Paolo,Coupure elec !! uniquement scrabble,15,IP,winner
20,2014,2,noIP,1,56,0,0,0,10,12,10h,VOTE,NONINFO,Paolo,Coupure elec !! uniquement scrabble,15,IP,loser
20,2015,1,IP,0,80.7,4.1,0.4,25,10,12,10h,VOTE,NONINFO,Paolo,Coupure elec !! uniquement scrabble,15,noIP,loser
20,2015,2,noIP,0,62,0,0,NA,10,12,10h,VOTE,NONINFO,Paolo,Coupure elec !! uniquement scrabble,15,noIP,winner
21,2101,1,IP,1,21.5,5.5,0,8.571428571428571,4,12,9h,VOTE,INFO,Simon + Ismaël,NA,15,IP,winner
21,2101,2,noIP,1,13,0,0,NA,4,12,9h,VOTE,INFO,Simon + Ismaël,NA,15,IP,loser
21,2102,1,IP,0,51.6,0,0.4,43.333333333333336,4,12,9h,VOTE,INFO,Simon + Ismaël,NA,15,noIP,loser
21,2102,2,noIP,0,57,0,0,0,4,12,9h,VOTE,INFO,Simon + Ismaël,NA,15,noIP,winner
21,2103,1,IP,0,69.9,0.4,5.5,34.44444444444444,4,12,9h,VOTE,INFO,Simon + Ismaël,NA,15,noIP,loser
21,2103,2,noIP,0,54,0,0,0,4,12,9h,VOTE,INFO,Simon + Ismaël,NA,15,noIP,winner
21,2104,1,IP,1,58.1,11.4,4.3,70,4,12,9h,VOTE,INFO,Simon + Ismaël,NA,15,IP,winner
21,2104,2,noIP,1,27,0,0,0,4,12,9h,VOTE,INFO,Simon + Ismaël,NA,15,IP,loser
21,2105,1,IP,0,45.8,7.9,11.1,36.25,4,12,9h,VOTE,INFO,Simon + Ismaël,NA,15,noIP,loser
21,2105,2,noIP,0,64,0,0,0,4,12,9h,VOTE,INFO,Simon + Ismaël,NA,15,noIP,winner
21,2106,1,IP,0,37.1,3.7,7.6,8.571428571428571,4,12,9h,VOTE,INFO,Simon + Ismaël,NA,15,noIP,loser
21,2106,2,noIP,0,57,0,0,NA,4,12,9h,VOTE,INFO,Simon + Ismaël,NA,15,noIP,winner
21,2107,1,IP,0,45.5,0,17.5,28.88888888888889,4,12,9h,VOTE,INFO,Simon + Ismaël,NA,15,noIP,loser
21,2107,2,noIP,0,87,0,0,0,4,12,9h,VOTE,INFO,Simon + Ismaël,NA,15,noIP,winner
21,2108,1,IP,0,28.2,3.2,24,45,4,12,9h,VOTE,INFO,Simon + Ismaël,NA,15,noIP,loser
21,2108,2,noIP,0,41,0,0,NA,4,12,9h,VOTE,INFO,Simon + Ismaël,NA,15,noIP,winner
21,2109,1,IP,1,98.3,39.5,1.2,50,4,12,9h,VOTE,INFO,Simon + Ismaël,NA,15,IP,winner
21,2109,2,noIP,1,41,0,0,0,4,12,9h,VOTE,INFO,Simon + Ismaël,NA,15,IP,loser
21,2110,1,IP,0,26.1,5.6,11.5,32,4,12,9h,VOTE,INFO,Simon + Ismaël,NA,15,noIP,loser
21,2110,2,noIP,0,48,0,0,0,4,12,9h,VOTE,INFO,Simon + Ismaël,NA,15,noIP,winner
21,2111,1,IP,0,41.9,12.4,11.5,44.44444444444444,4,12,9h,VOTE,INFO,Simon + Ismaël,NA,15,noIP,loser
21,2111,2,noIP,0,45,0,0,NA,4,12,9h,VOTE,INFO,Simon + Ismaël,NA,15,noIP,winner
21,2112,1,IP,1,56,15.5,10.5,54.44444444444444,4,12,9h,VOTE,INFO,Simon + Ismaël,NA,15,IP,winner
21,2112,2,noIP,1,51,0,0,0,4,12,9h,VOTE,INFO,Simon + Ismaël,NA,15,IP,loser
21,2113,1,IP,1,62.5,18,5.5,53.75,4,12,9h,VOTE,INFO,Simon + Ismaël,NA,15,IP,winner
21,2113,2,noIP,1,49,0,0,NA,4,12,9h,VOTE,INFO,Simon + Ismaël,NA,15,IP,loser
21,2114,1,IP,0,31,0.8,17.8,54,4,12,9h,VOTE,INFO,Simon + Ismaël,NA,15,noIP,loser
21,2114,2,noIP,0,40,0,0,0,4,12,9h,VOTE,INFO,Simon + Ismaël,NA,15,noIP,winner
21,2115,1,IP,0,56.5,10.3,5.8,47.5,4,12,9h,VOTE,INFO,Simon + Ismaël,NA,15,noIP,loser
21,2115,2,noIP,0,45,0,0,0,4,12,9h,VOTE,INFO,Simon + Ismaël,NA,15,noIP,winner
22,2201,1,IP,1,46.4,18.2,3.8,88,05,02,18h,VOTE,NONINFO,Simon,NA,15,IP,winner
22,2201,2,noIP,1,61,0,0,0,05,02,18h,VOTE,NONINFO,Simon,NA,15,IP,loser
22,2202,1,IP,0,51.5,4.2,14.7,64,05,02,18h,VOTE,NONINFO,Simon,NA,15,noIP,loser
22,2202,2,noIP,0,54,0,0,0,05,02,18h,VOTE,NONINFO,Simon,NA,15,noIP,winner
22,2203,1,IP,0,32.1,4,7.9,41.666666666666664,05,02,18h,VOTE,NONINFO,Simon,NA,15,noIP,loser
22,2203,2,noIP,0,90,0,0,0,05,02,18h,VOTE,NONINFO,Simon,NA,15,noIP,winner
22,2204,1,IP,1,51.1,12,4.9,41,05,02,18h,VOTE,NONINFO,Simon,NA,15,IP,winner
22,2204,2,noIP,1,62,0,0,0,05,02,18h,VOTE,NONINFO,Simon,NA,15,IP,loser
22,2205,1,IP,0,44.5,4.7,6.2,35.714285714285715,05,02,18h,VOTE,NONINFO,Simon,NA,15,noIP,loser
22,2205,2,noIP,0,59,0,0,NA,05,02,18h,VOTE,NONINFO,Simon,NA,15,noIP,winner
22,2206,1,IP,1,55.4,3.1,8.7,29,05,02,18h,VOTE,NONINFO,Simon,NA,15,IP,winner
22,2206,2,noIP,1,96,0,0,NA,05,02,18h,VOTE,NONINFO,Simon,NA,15,IP,loser
22,2207,1,IP,1,23.3,3.8,4.5,52,05,02,18h,VOTE,NONINFO,Simon,NA,15,IP,winner
22,2207,2,noIP,1,40,0,0,NA,05,02,18h,VOTE,NONINFO,Simon,NA,15,IP,loser
22,2208,1,IP,1,64.2,6,3.8,42.22222222222222,05,02,18h,VOTE,NONINFO,Simon,NA,15,IP,winner
22,2208,2,noIP,1,74,0,0,0,05,02,18h,VOTE,NONINFO,Simon,NA,15,IP,loser
22,2209,1,IP,0,37.5,2.5,4,30,05,02,18h,VOTE,NONINFO,Simon,NA,15,noIP,loser
22,2209,2,noIP,0,63,0,0,NA,05,02,18h,VOTE,NONINFO,Simon,NA,15,noIP,winner
22,2210,1,IP,0,55.8,4,10.2,33.333333333333336,05,02,18h,VOTE,NONINFO,Simon,NA,15,noIP,loser
22,2210,2,noIP,0,52,0,0,0,05,02,18h,VOTE,NONINFO,Simon,NA,15,noIP,winner
22,2211,1,IP,0,55.9,8,16.1,60,05,02,18h,VOTE,NONINFO,Simon,NA,15,noIP,loser
22,2211,2,noIP,0,76,0,0,0,05,02,18h,VOTE,NONINFO,Simon,NA,15,noIP,winner
22,2212,1,IP,0,48.3,17.3,3,45,05,02,18h,VOTE,NONINFO,Simon,NA,15,noIP,loser
22,2212,2,noIP,0,61,0,0,NA,05,02,18h,VOTE,NONINFO,Simon,NA,15,noIP,winner
22,2213,1,IP,1,34.2,3.9,17.7,52,05,02,18h,VOTE,NONINFO,Simon,NA,15,IP,winner
22,2213,2,noIP,1,56,0,0,0,05,02,18h,VOTE,NONINFO,Simon,NA,15,IP,loser
22,2214,1,IP,1,63,23,0,76.66666666666667,05,02,18h,VOTE,NONINFO,Simon,NA,15,IP,winner
22,2214,2,noIP,1,60,0,0,0,05,02,18h,VOTE,NONINFO,Simon,NA,15,IP,loser
22,2215,1,IP,0,32.8,2.5,11.7,48,05,02,18h,VOTE,NONINFO,Simon,NA,15,noIP,loser
22,2215,2,noIP,0,66,0,0,0,05,02,18h,VOTE,NONINFO,Simon,NA,15,noIP,winner
23,2301,1,IP,0,55.2,0,2.8,77.77777777777777,04,02,18h,VOTE,NONINFO,Simon,NA,15,noIP,loser
23,2301,2,noIP,0,56,0,0,0,04,02,18h,VOTE,NONINFO,Simon,NA,15,noIP,winner
23,2302,1,IP,0,36.4,5.3,0.9,48.888888888888886,04,02,18h,VOTE,NONINFO,Simon,NA,15,noIP,loser
23,2302,2,noIP,0,65,0,0,0,04,02,18h,VOTE,NONINFO,Simon,NA,15,noIP,winner
23,2303,1,IP,1,21.4,3.7,5.3,14,04,02,18h,VOTE,NONINFO,Simon,NA,15,IP,winner
23,2303,2,noIP,1,43,0,0,NA,04,02,18h,VOTE,NONINFO,Simon,NA,15,IP,loser
23,2304,1,IP,1,33.2,8.7,2.5,56.666666666666664,04,02,18h,VOTE,NONINFO,Simon,NA,15,IP,winner
23,2304,2,noIP,1,69,0,0,NA,04,02,18h,VOTE,NONINFO,Simon,NA,15,IP,loser
23,2305,1,IP,0,52,8,15,56.666666666666664,04,02,18h,VOTE,NONINFO,Simon,NA,15,noIP,loser
23,2305,2,noIP,0,67,0,0,0,04,02,18h,VOTE,NONINFO,Simon,NA,15,noIP,winner
23,2306,1,IP,1,42.8,16.5,15.7,63.75,04,02,18h,VOTE,NONINFO,Simon,NA,15,IP,winner
23,2306,2,noIP,1,76,0,0,NA,04,02,18h,VOTE,NONINFO,Simon,NA,15,IP,loser
23,2307,1,IP,1,90,11,6,53.333333333333336,04,02,18h,VOTE,NONINFO,Simon,NA,15,IP,winner
23,2307,2,noIP,1,49,0,0,0,04,02,18h,VOTE,NONINFO,Simon,NA,15,IP,loser
23,2308,1,IP,0,25.9,3.8,14.9,40,04,02,18h,VOTE,NONINFO,Simon,NA,15,noIP,loser
23,2308,2,noIP,0,57,0,0,0,04,02,18h,VOTE,NONINFO,Simon,NA,15,noIP,winner
23,2309,1,IP,1,46.1,10.5,4.4,77.14285714285714,04,02,18h,VOTE,NONINFO,Simon,NA,15,IP,winner
23,2309,2,noIP,1,63,0,0,NA,04,02,18h,VOTE,NONINFO,Simon,NA,15,IP,loser
23,2310,1,IP,0,46,7.6,14.6,32.22222222222222,04,02,18h,VOTE,NONINFO,Simon,NA,15,noIP,loser
23,2310,2,noIP,0,58,0,0,0,04,02,18h,VOTE,NONINFO,Simon,NA,15,noIP,winner
23,2311,1,IP,1,59.8,30.6,2.8,56.666666666666664,04,02,18h,VOTE,NONINFO,Simon,NA,15,IP,winner
23,2311,2,noIP,1,44,0,0,0,04,02,18h,VOTE,NONINFO,Simon,NA,15,IP,loser
23,2312,1,IP,0,61.2,2.6,23.4,64,04,02,18h,VOTE,NONINFO,Simon,NA,15,noIP,loser
23,2312,2,noIP,0,77,0,0,NA,04,02,18h,VOTE,NONINFO,Simon,NA,15,noIP,winner
23,2313,1,IP,0,45.6,9.6,12,41,04,02,18h,VOTE,NONINFO,Simon,NA,15,noIP,loser
23,2313,2,noIP,0,77,0,0,NA,04,02,18h,VOTE,NONINFO,Simon,NA,15,noIP,winner
23,2314,1,IP,1,55.5,20.5,9,56.25,04,02,18h,VOTE,NONINFO,Simon,NA,15,IP,winner
23,2314,2,noIP,1,56,0,0,NA,04,02,18h,VOTE,NONINFO,Simon,NA,15,IP,loser
23,2315,1,IP,1,32.9,8,17.1,61.42857142857143,04,02,18h,VOTE,NONINFO,Simon,NA,15,IP,winner
23,2315,2,noIP,1,46,0,0,0,04,02,18h,VOTE,NONINFO,Simon,NA,15,IP,loser
24,2401,1,IP,1,38.2,6.7,11.5,43.333333333333336,07,02,15h,VOTE,NONINFO,Simon,NA,15,IP,winner
24,2401,2,noIP,1,72,0,0,NA,07,02,15h,VOTE,NONINFO,Simon,NA,15,IP,loser
24,2402,1,IP,0,40.5,9,4.5,85.71428571428571,07,02,15h,VOTE,NONINFO,Simon,NA,15,noIP,loser
24,2402,2,noIP,0,63,0,0,NA,07,02,15h,VOTE,NONINFO,Simon,NA,15,noIP,winner
24,2403,1,IP,0,57.3,2.5,2.2,43.333333333333336,07,02,15h,VOTE,NONINFO,Simon,NA,15,noIP,loser
24,2403,2,noIP,0,56,0,0,0,07,02,15h,VOTE,NONINFO,Simon,NA,15,noIP,winner
24,2404,1,IP,1,46.1,10.6,13.5,62.5,07,02,15h,VOTE,NONINFO,Simon,NA,15,IP,winner
24,2404,2,noIP,1,44,0,0,0,07,02,15h,VOTE,NONINFO,Simon,NA,15,IP,loser
24,2405,1,IP,1,26,8,0,50,07,02,15h,VOTE,NONINFO,Simon,NA,15,IP,winner
24,2405,2,noIP,1,37,0,0,NA,07,02,15h,VOTE,NONINFO,Simon,NA,15,IP,loser
24,2406,1,IP,0,48.9,10.5,15.6,53.75,07,02,15h,VOTE,NONINFO,Simon,NA,15,noIP,loser
24,2406,2,noIP,0,46,0,0,0,07,02,15h,VOTE,NONINFO,Simon,NA,15,noIP,winner
24,2407,1,IP,0,58.1,16,18.9,43.333333333333336,07,02,15h,VOTE,NONINFO,Simon,NA,15,noIP,loser
24,2407,2,noIP,0,56,0,0,NA,07,02,15h,VOTE,NONINFO,Simon,NA,15,noIP,winner
24,2408,1,IP,1,84.8,25.1,9.3,86.25,07,02,15h,VOTE,NONINFO,Simon,NA,15,IP,winner
24,2408,2,noIP,1,79,0,0,NA,07,02,15h,VOTE,NONINFO,Simon,NA,15,IP,loser
24,2409,1,IP,0,48.1,7.8,20.7,34.285714285714285,07,02,15h,VOTE,NONINFO,Simon,NA,15,noIP,loser
24,2409,2,noIP,0,48,0,0,NA,07,02,15h,VOTE,NONINFO,Simon,NA,15,noIP,winner
24,2410,1,IP,1,31.9,8.9,4,42.5,07,02,15h,VOTE,NONINFO,Simon,NA,15,IP,winner
24,2410,2,noIP,1,45,0,0,0,07,02,15h,VOTE,NONINFO,Simon,NA,15,IP,loser
24,2411,1,IP,0,55.3,6.5,11.2,50,07,02,15h,VOTE,NONINFO,Simon,NA,15,noIP,loser
24,2411,2,noIP,0,49,0,0,0,07,02,15h,VOTE,NONINFO,Simon,NA,15,noIP,winner
24,2412,1,IP,1,31.8,3.5,3.7,50,07,02,15h,VOTE,NONINFO,Simon,NA,15,IP,winner
24,2412,2,noIP,1,55,0,0,NA,07,02,15h,VOTE,NONINFO,Simon,NA,15,IP,loser
24,2413,1,IP,0,61.5,0,14.5,21,07,02,15h,VOTE,NONINFO,Simon,NA,15,noIP,loser
24,2413,2,noIP,0,36,0,0,NA,07,02,15h,VOTE,NONINFO,Simon,NA,15,noIP,winner
24,2414,1,IP,1,51.1,6.6,3.5,75,07,02,15h,VOTE,NONINFO,Simon,NA,15,IP,winner
24,2414,2,noIP,1,33,0,0,NA,07,02,15h,VOTE,NONINFO,Simon,NA,15,IP,loser
24,2415,1,IP,0,52.4,14,2.6,18,07,02,15h,VOTE,NONINFO,Simon,NA,15,noIP,loser
24,2415,2,noIP,0,63,0,0,NA,07,02,15h,VOTE,NONINFO,Simon,NA,15,noIP,winner
25,2501,1,IP,0,41,8,0,66.66666666666667,06,02,18h,VOTE,NONINFO,Simon,NA,15,noIP,loser
25,2501,2,noIP,0,60,0,0,0,06,02,18h,VOTE,NONINFO,Simon,NA,15,noIP,winner
25,2502,1,IP,1,62.6,7.4,5.8,56.666666666666664,06,02,18h,VOTE,NONINFO,Simon,NA,15,IP,winner
25,2502,2,noIP,1,28,0,0,0,06,02,18h,VOTE,NONINFO,Simon,NA,15,IP,loser
25,2503,1,IP,1,37.4,2.8,12.4,75.71428571428571,06,02,18h,VOTE,NONINFO,Simon,NA,15,IP,winner
25,2503,2,noIP,1,63,0,0,NA,06,02,18h,VOTE,NONINFO,Simon,NA,15,IP,loser
25,2504,1,IP,1,63.5,14,13.5,38,06,02,18h,VOTE,NONINFO,Simon,NA,15,IP,winner
25,2504,2,noIP,1,73,0,0,NA,06,02,18h,VOTE,NONINFO,Simon,NA,15,IP,loser
25,2505,1,IP,1,70.1,20.3,11.2,60,06,02,18h,VOTE,NONINFO,Simon,NA,15,IP,winner
25,2505,2,noIP,1,56,0,0,NA,06,02,18h,VOTE,NONINFO,Simon,NA,15,IP,loser
25,2506,1,IP,0,38.4,0.7,10.3,70,06,02,18h,VOTE,NONINFO,Simon,NA,15,noIP,loser
25,2506,2,noIP,0,52,0,0,0,06,02,18h,VOTE,NONINFO,Simon,NA,15,noIP,winner
25,2507,1,IP,0,33.9,7.6,12.7,35.714285714285715,06,02,18h,VOTE,NONINFO,Simon,NA,15,noIP,loser
25,2507,2,noIP,0,72,0,0,NA,06,02,18h,VOTE,NONINFO,Simon,NA,15,noIP,winner
25,2508,1,IP,1,58.6,11.2,4.6,51.111111111111114,06,02,18h,VOTE,NONINFO,Simon,NA,15,IP,winner
25,2508,2,noIP,1,54,0,0,0,06,02,18h,VOTE,NONINFO,Simon,NA,15,IP,loser
25,2509,1,IP,1,39.5,11.2,12.7,46,06,02,18h,VOTE,NONINFO,Simon,NA,15,IP,winner
25,2509,2,noIP,1,27,0,0,0,06,02,18h,VOTE,NONINFO,Simon,NA,15,IP,loser
25,2510,1,IP,0,46.3,8.9,7.6,22,06,02,18h,VOTE,NONINFO,Simon,NA,15,noIP,loser
25,2510,2,noIP,0,58,0,0,0,06,02,18h,VOTE,NONINFO,Simon,NA,15,noIP,winner
25,2511,1,IP,1,56.6,9.2,6.6,25.555555555555557,06,02,18h,VOTE,NONINFO,Simon,NA,15,IP,winner
25,2511,2,noIP,1,40,0,0,0,06,02,18h,VOTE,NONINFO,Simon,NA,15,IP,loser
25,2512,1,IP,0,59.1,1.6,5.5,31.11111111111111,06,02,18h,VOTE,NONINFO,Simon,NA,15,noIP,loser
25,2512,2,noIP,0,75,0,0,0,06,02,18h,VOTE,NONINFO,Simon,NA,15,noIP,winner
25,2513,1,IP,0,37.1,5,18.9,100,06,02,18h,VOTE,NONINFO,Simon,NA,15,noIP,loser
25,2513,2,noIP,0,47,0,0,0,06,02,18h,VOTE,NONINFO,Simon,NA,15,noIP,winner
25,2514,1,IP,1,60.4,14.4,4,73,06,02,18h,VOTE,NONINFO,Simon,NA,15,IP,winner
25,2514,2,noIP,1,72,0,0,NA,06,02,18h,VOTE,NONINFO,Simon,NA,15,IP,loser
25,2515,1,IP,1,37.5,6.9,3.4,83.33333333333333,06,02,18h,VOTE,NONINFO,Simon,NA,15,IP,winner
25,2515,2,noIP,1,58,0,0,0,06,02,18h,VOTE,NONINFO,Simon,NA,15,IP,loser
26,2601,1,IP,0,46.4,8.4,8,69,04,02,14h,VOTE,INFO,Simon,NA,15,noIP,loser
26,2601,2,noIP,0,66,0,0,NA,04,02,14h,VOTE,INFO,Simon,NA,15,noIP,winner
26,2602,1,IP,0,44.6,8,12.4,65,04,02,14h,VOTE,INFO,Simon,NA,15,noIP,loser
26,2602,2,noIP,0,32,0,0,0,04,02,14h,VOTE,INFO,Simon,NA,15,noIP,winner
26,2603,1,IP,0,61,4,0,47.142857142857146,04,02,14h,VOTE,INFO,Simon,NA,15,noIP,loser
26,2603,2,noIP,0,44,0,0,NA,04,02,14h,VOTE,INFO,Simon,NA,15,noIP,winner
26,2604,1,IP,1,50,9,1,36.666666666666664,04,02,14h,VOTE,INFO,Simon,NA,15,IP,winner
26,2604,2,noIP,1,50,0,0,0,04,02,14h,VOTE,INFO,Simon,NA,15,IP,loser
26,2605,1,IP,0,45,7.5,11.5,52.5,04,02,14h,VOTE,INFO,Simon,NA,15,noIP,loser
26,2605,2,noIP,0,63,0,0,NA,04,02,14h,VOTE,INFO,Simon,NA,15,noIP,winner
26,2606,1,IP,0,53,8.9,12.9,38.888888888888886,04,02,14h,VOTE,INFO,Simon,NA,15,noIP,loser
26,2606,2,noIP,0,63,0,0,0,04,02,14h,VOTE,INFO,Simon,NA,15,noIP,winner
26,2607,1,IP,0,56.8,1.6,12.8,63,04,02,14h,VOTE,INFO,Simon,NA,15,noIP,loser
26,2607,2,noIP,0,67,0,0,0,04,02,14h,VOTE,INFO,Simon,NA,15,noIP,winner
26,2608,1,IP,0,52,4.5,4.5,48.888888888888886,04,02,14h,VOTE,INFO,Simon,NA,15,noIP,loser
26,2608,2,noIP,0,109,0,0,NA,04,02,14h,VOTE,INFO,Simon,NA,15,noIP,winner
26,2609,1,IP,0,39.2,11.8,0.6,48.888888888888886,04,02,14h,VOTE,INFO,Simon,NA,15,noIP,loser
26,2609,2,noIP,0,55,0,0,0,04,02,14h,VOTE,INFO,Simon,NA,15,noIP,winner
26,2610,1,IP,1,61.1,14.9,7.8,47,04,02,14h,VOTE,INFO,Simon,NA,15,IP,winner
26,2610,2,noIP,1,63,0,0,0,04,02,14h,VOTE,INFO,Simon,NA,15,IP,loser
26,2611,1,IP,0,35.3,5.3,5,85,04,02,14h,VOTE,INFO,Simon,NA,15,noIP,loser
26,2611,2,noIP,0,59,0,0,0,04,02,14h,VOTE,INFO,Simon,NA,15,noIP,winner
26,2612,1,IP,0,30.6,3.5,10.9,42.5,04,02,14h,VOTE,INFO,Simon,NA,15,noIP,loser
26,2612,2,noIP,0,48,0,0,NA,04,02,14h,VOTE,INFO,Simon,NA,15,noIP,winner
26,2613,1,IP,1,37.1,14.3,7.2,32.22222222222222,04,02,14h,VOTE,INFO,Simon,NA,15,IP,winner
26,2613,2,noIP,1,53,0,0,NA,04,02,14h,VOTE,INFO,Simon,NA,15,IP,loser
26,2614,1,IP,1,36.7,12.1,6.4,42.857142857142854,04,02,14h,VOTE,INFO,Simon,NA,15,IP,winner
26,2614,2,noIP,1,46,0,0,0,04,02,14h,VOTE,INFO,Simon,NA,15,IP,loser
26,2615,1,IP,0,40.2,0,12.8,70,04,02,14h,VOTE,INFO,Simon,NA,15,noIP,loser
26,2615,2,noIP,0,71,0,0,NA,04,02,14h,VOTE,INFO,Simon,NA,15,noIP,winner
27,2701,1,IP,1,47.4,23.4,0,60,06,02,15h,VOTE,INFO,Simon,NA,15,IP,winner
27,2701,2,noIP,1,26,0,0,NA,06,02,15h,VOTE,INFO,Simon,NA,15,IP,loser
27,2702,1,IP,0,40.9,2.5,14.6,41.111111111111114,06,02,15h,VOTE,INFO,Simon,NA,15,noIP,loser
27,2702,2,noIP,0,69,0,0,0,06,02,15h,VOTE,INFO,Simon,NA,15,noIP,winner
27,2703,1,IP,0,49.7,8,19.3,58.57142857142857,06,02,15h,VOTE,INFO,Simon,NA,15,noIP,loser
27,2703,2,noIP,0,33,0,0,NA,06,02,15h,VOTE,INFO,Simon,NA,15,noIP,winner
27,2704,1,IP,0,58,8,6,51.111111111111114,06,02,15h,VOTE,INFO,Simon,NA,15,noIP,loser
27,2704,2,noIP,0,53,0,0,NA,06,02,15h,VOTE,INFO,Simon,NA,15,noIP,winner
27,2705,1,IP,0,33.5,0.5,9,42,06,02,15h,VOTE,INFO,Simon,NA,15,noIP,loser
27,2705,2,noIP,0,55,0,0,0,06,02,15h,VOTE,INFO,Simon,NA,15,noIP,winner
27,2706,1,IP,0,48.5,9,2.5,47.5,06,02,15h,VOTE,INFO,Simon,NA,15,noIP,loser
27,2706,2,noIP,0,49,0,0,0,06,02,15h,VOTE,INFO,Simon,NA,15,noIP,winner
27,2707,1,IP,0,46.2,0,9.8,77.5,06,02,15h,VOTE,INFO,Simon,NA,15,noIP,loser
27,2707,2,noIP,0,61,0,0,0,06,02,15h,VOTE,INFO,Simon,NA,15,noIP,winner
27,2708,1,IP,0,23.2,5,5.8,67.5,06,02,15h,VOTE,INFO,Simon,NA,15,noIP,loser
27,2708,2,noIP,0,41,0,0,NA,06,02,15h,VOTE,INFO,Simon,NA,15,noIP,winner
27,2709,1,IP,0,46.6,15.6,5,30,06,02,15h,VOTE,INFO,Simon,NA,15,noIP,loser
27,2709,2,noIP,0,62,0,0,0,06,02,15h,VOTE,INFO,Simon,NA,15,noIP,winner
27,2710,1,IP,1,26.5,10,2.5,100,06,02,15h,VOTE,INFO,Simon,NA,15,IP,winner
27,2710,2,noIP,1,21,0,0,NA,06,02,15h,VOTE,INFO,Simon,NA,15,IP,loser
27,2711,1,IP,0,33.5,3,12.5,61.42857142857143,06,02,15h,VOTE,INFO,Simon,NA,15,noIP,loser
27,2711,2,noIP,0,64,0,0,NA,06,02,15h,VOTE,INFO,Simon,NA,15,noIP,winner
27,2712,1,IP,1,56,5,3,21.25,06,02,15h,VOTE,INFO,Simon,NA,15,IP,winner
27,2712,2,noIP,1,93,0,0,NA,06,02,15h,VOTE,INFO,Simon,NA,15,IP,loser
27,2713,1,IP,0,27.2,0,10.8,68.57142857142857,06,02,15h,VOTE,INFO,Simon,NA,15,noIP,loser
27,2713,2,noIP,0,34,0,0,NA,06,02,15h,VOTE,INFO,Simon,NA,15,noIP,winner
27,2714,1,IP,0,61,0,3,77.77777777777777,06,02,15h,VOTE,INFO,Simon,NA,15,noIP,loser
27,2714,2,noIP,0,57,0,0,0,06,02,15h,VOTE,INFO,Simon,NA,15,noIP,winner
27,2715,1,IP,1,62.8,13.8,0,77.14285714285714,06,02,15h,VOTE,INFO,Simon,NA,15,IP,winner
27,2715,2,noIP,1,39,0,0,NA,06,02,15h,VOTE,INFO,Simon,NA,15,IP,loser
28,2801,1,IP,0,43.8,10.8,0,92.5,05,02,15h,VOTE,INFO,Simon,NA,15,noIP,loser
28,2801,2,noIP,0,41,0,0,NA,05,02,15h,VOTE,INFO,Simon,NA,15,noIP,winner
28,2802,1,IP,1,41.8,10.4,0.6,54.285714285714285,05,02,15h,VOTE,INFO,Simon,NA,15,IP,winner
28,2802,2,noIP,1,55,0,0,NA,05,02,15h,VOTE,INFO,Simon,NA,15,IP,loser
28,2803,1,IP,0,42.4,0.6,21.2,65,05,02,15h,VOTE,INFO,Simon,NA,15,noIP,loser
28,2803,2,noIP,0,49,0,0,NA,05,02,15h,VOTE,INFO,Simon,NA,15,noIP,winner
28,2804,1,IP,1,57.5,16.5,0,98.57142857142856,05,02,15h,VOTE,INFO,Simon,NA,15,IP,winner
28,2804,2,noIP,1,56,0,0,0,05,02,15h,VOTE,INFO,Simon,NA,15,IP,loser
28,2805,1,IP,0,35.5,0.5,15,44.285714285714285,05,02,15h,VOTE,INFO,Simon,NA,15,noIP,loser
28,2805,2,noIP,0,36,0,0,NA,05,02,15h,VOTE,INFO,Simon,NA,15,noIP,winner
28,2806,1,IP,0,48,2,4,31.428571428571427,05,02,15h,VOTE,INFO,Simon,NA,15,noIP,loser
28,2806,2,noIP,0,23,0,0,NA,05,02,15h,VOTE,INFO,Simon,NA,15,noIP,winner
28,2807,1,IP,1,74.6,9,3.4,54.44444444444444,05,02,15h,VOTE,INFO,Simon,NA,15,IP,winner
28,2807,2,noIP,1,53,0,0,0,05,02,15h,VOTE,INFO,Simon,NA,15,IP,loser
28,2808,1,IP,0,47.7,6.2,11.5,36,05,02,15h,VOTE,INFO,Simon,NA,15,noIP,loser
28,2808,2,noIP,0,45,0,0,0,05,02,15h,VOTE,INFO,Simon,NA,15,noIP,winner
28,2809,1,IP,0,30.7,2.5,2.8,50,05,02,15h,VOTE,INFO,Simon,NA,15,noIP,loser
28,2809,2,noIP,0,49,0,0,NA,05,02,15h,VOTE,INFO,Simon,NA,15,noIP,winner
28,2810,1,IP,0,64.2,8.6,4.4,37,05,02,15h,VOTE,INFO,Simon,NA,15,noIP,loser
28,2810,2,noIP,0,53,0,0,0,05,02,15h,VOTE,INFO,Simon,NA,15,noIP,winner
28,2811,1,IP,1,54.4,6.8,4.4,72,05,02,15h,VOTE,INFO,Simon,NA,15,IP,winner
28,2811,2,noIP,1,74,0,0,NA,05,02,15h,VOTE,INFO,Simon,NA,15,IP,loser
28,2812,1,IP,0,37.4,0,6.6,28.88888888888889,05,02,15h,VOTE,INFO,Simon,NA,15,noIP,loser
28,2812,2,noIP,0,67,0,0,0,05,02,15h,VOTE,INFO,Simon,NA,15,noIP,winner
28,2813,1,IP,1,61.9,5.1,13.2,71.25,05,02,15h,VOTE,INFO,Simon,NA,15,IP,winner
28,2813,2,IP,1,43.6,4,7.4,87.5,05,02,15h,VOTE,INFO,Simon,NA,15,IP,winner
28,2814,1,IP,1,50.8,11.2,10.4,48.333333333333336,05,02,15h,VOTE,INFO,Simon,NA,15,IP,winner
28,2814,2,IP,1,43.8,3.8,13,51.111111111111114,05,02,15h,VOTE,INFO,Simon,NA,15,IP,winner
28,2815,1,IP,1,39.3,8,0.7,60,05,02,15h,VOTE,INFO,Simon,NA,15,IP,winner
28,2815,2,IP,1,60.6,12.6,0,68.33333333333333,05,02,15h,VOTE,INFO,Simon,NA,15,IP,winner
29,2901,1,IP,0,32,6,4,64,07,02,12h30,VOTE,INFO,Simon,NA,15,noIP,loser
29,2901,2,noIP,0,32,0,0,NA,07,02,12h30,VOTE,INFO,Simon,NA,15,noIP,winner
29,2902,1,IP,0,36,6,15,38.888888888888886,07,02,12h30,VOTE,INFO,Simon,NA,15,noIP,loser
29,2902,2,noIP,0,61,0,0,0,07,02,12h30,VOTE,INFO,Simon,NA,15,noIP,winner
29,2903,1,IP,0,73,12.5,5.5,84.28571428571429,07,02,12h30,VOTE,INFO,Simon,NA,15,noIP,loser
29,2903,2,noIP,0,55,0,0,NA,07,02,12h30,VOTE,INFO,Simon,NA,15,noIP,winner
29,2904,1,IP,0,38.7,2.5,19.8,65.71428571428571,07,02,12h30,VOTE,INFO,Simon,NA,15,noIP,loser
29,2904,2,noIP,0,33,0,0,NA,07,02,12h30,VOTE,INFO,Simon,NA,15,noIP,winner
29,2905,1,IP,0,66.3,10.8,7.5,78.88888888888889,07,02,12h30,VOTE,INFO,Simon,NA,15,noIP,loser
29,2905,2,noIP,0,40,0,0,0,07,02,12h30,VOTE,INFO,Simon,NA,15,noIP,winner
29,2906,1,IP,0,48,16.5,2.5,85.71428571428571,07,02,12h30,VOTE,INFO,Simon,NA,15,noIP,loser
29,2906,2,noIP,0,47,0,0,0,07,02,12h30,VOTE,INFO,Simon,NA,15,noIP,winner
29,2907,1,IP,0,69,0,13,41,07,02,12h30,VOTE,INFO,Simon,NA,15,noIP,loser
29,2907,2,noIP,0,33,0,0,0,07,02,12h30,VOTE,INFO,Simon,NA,15,noIP,winner
29,2908,1,IP,1,67.8,11.9,3.1,37.77777777777778,07,02,12h30,VOTE,INFO,Simon,NA,15,IP,winner
29,2908,2,noIP,1,18,0,0,0,07,02,12h30,VOTE,INFO,Simon,NA,15,IP,loser
29,2909,1,IP,0,61.2,9.1,4.9,56.666666666666664,07,02,12h30,VOTE,INFO,Simon,NA,15,noIP,loser
29,2909,2,noIP,0,81,0,0,NA,07,02,12h30,VOTE,INFO,Simon,NA,15,noIP,winner
29,2910,1,IP,1,44.7,29.7,2,29,07,02,12h30,VOTE,INFO,Simon,NA,15,IP,winner
29,2910,2,noIP,1,49,0,0,0,07,02,12h30,VOTE,INFO,Simon,NA,15,IP,loser
29,2911,1,IP,1,45.8,0,6.2,68.75,07,02,12h30,VOTE,INFO,Simon,NA,15,IP,winner
29,2911,2,noIP,1,51,0,0,0,07,02,12h30,VOTE,INFO,Simon,NA,15,IP,loser
29,2912,1,IP,0,64.5,2.8,24.3,47,07,02,12h30,VOTE,INFO,Simon,NA,15,noIP,loser
29,2912,2,noIP,0,56,0,0,NA,07,02,12h30,VOTE,INFO,Simon,NA,15,noIP,winner
29,2913,1,IP,0,41.4,2.4,0,45.714285714285715,07,02,12h30,VOTE,INFO,Simon,NA,15,noIP,loser
29,2913,2,noIP,0,76,0,0,0,07,02,12h30,VOTE,INFO,Simon,NA,15,noIP,winner
29,2914,1,IP,0,62.6,6,6.4,26.25,07,02,12h30,VOTE,INFO,Simon,NA,15,noIP,loser
29,2914,2,noIP,0,92,0,0,NA,07,02,12h30,VOTE,INFO,Simon,NA,15,noIP,winner
29,2915,1,IP,0,48,4,6,52.5,07,02,12h30,VOTE,INFO,Simon,NA,15,noIP,loser
29,2915,2,noIP,0,40,0,0,NA,07,02,12h30,VOTE,INFO,Simon,NA,15,noIP,winner
30,3001,1,IP,1,58.8,9,5.2,48.75,07,02,17h30,VOTE,INFO,Simon,NA,15,IP,winner
30,3001,2,noIP,1,40,0,0,0,07,02,17h30,VOTE,INFO,Simon,NA,15,IP,loser
30,3002,1,IP,0,40.8,3.5,6.7,28.88888888888889,07,02,17h30,VOTE,INFO,Simon,NA,15,noIP,loser
30,3002,2,noIP,0,44,0,0,0,07,02,17h30,VOTE,INFO,Simon,NA,15,noIP,winner
30,3003,1,IP,1,29.4,7.4,8,22.22222222222222,07,02,17h30,VOTE,INFO,Simon,NA,15,IP,winner
30,3003,2,noIP,1,46,0,0,0,07,02,17h30,VOTE,INFO,Simon,NA,15,IP,loser
30,3004,1,IP,1,67.4,10,7.6,57,07,02,17h30,VOTE,INFO,Simon,NA,15,IP,winner
30,3004,2,noIP,1,68,0,0,0,07,02,17h30,VOTE,INFO,Simon,NA,15,IP,loser
30,3005,1,IP,0,47.3,5.2,5.9,27.142857142857142,07,02,17h30,VOTE,INFO,Simon,NA,15,noIP,loser
30,3005,2,noIP,0,62,0,0,0,07,02,17h30,VOTE,INFO,Simon,NA,15,noIP,winner
30,3006,1,IP,0,60.3,5.7,7.4,28.88888888888889,07,02,17h30,VOTE,INFO,Simon,NA,15,noIP,loser
30,3006,2,noIP,0,55,0,0,0,07,02,17h30,VOTE,INFO,Simon,NA,15,noIP,winner
30,3007,1,IP,0,43.7,8.5,5.8,46,07,02,17h30,VOTE,INFO,Simon,NA,15,noIP,loser
30,3007,2,noIP,0,59,0,0,NA,07,02,17h30,VOTE,INFO,Simon,NA,15,noIP,winner
30,3008,1,IP,0,68.6,11.6,17,50,07,02,17h30,VOTE,INFO,Simon,NA,15,noIP,loser
30,3008,2,noIP,0,73,0,0,0,07,02,17h30,VOTE,INFO,Simon,NA,15,noIP,winner
30,3009,1,IP,1,65.7,17.5,14.8,51.25,07,02,17h30,VOTE,INFO,Simon,NA,15,IP,winner
30,3009,2,noIP,1,37,0,0,0,07,02,17h30,VOTE,INFO,Simon,NA,15,IP,loser
30,3010,1,IP,0,48.5,8.5,18,26,07,02,17h30,VOTE,INFO,Simon,NA,15,noIP,loser
30,3010,2,noIP,0,57,0,0,0,07,02,17h30,VOTE,INFO,Simon,NA,15,noIP,winner
30,3011,1,IP,0,23.5,7,8.5,34,07,02,17h30,VOTE,INFO,Simon,NA,15,noIP,loser
30,3011,2,noIP,0,55,0,0,NA,07,02,17h30,VOTE,INFO,Simon,NA,15,noIP,winner
30,3012,1,IP,0,56,11,0,50,07,02,17h30,VOTE,INFO,Simon,NA,15,noIP,loser
30,3012,2,noIP,0,48,0,0,0,07,02,17h30,VOTE,INFO,Simon,NA,15,noIP,winner
30,3013,1,IP,0,42.5,12.2,6.7,52.22222222222222,07,02,17h30,VOTE,INFO,Simon,NA,15,noIP,loser
30,3013,2,noIP,0,48,0,0,0,07,02,17h30,VOTE,INFO,Simon,NA,15,noIP,winner
30,3014,1,IP,0,38.3,4.5,9.2,37.5,07,02,17h30,VOTE,INFO,Simon,NA,15,noIP,loser
30,3014,2,noIP,0,70,0,0,0,07,02,17h30,VOTE,INFO,Simon,NA,15,noIP,winner
30,3015,1,IP,1,37.2,8.2,9,78.57142857142857,07,02,17h30,VOTE,INFO,Simon,NA,15,IP,winner
30,3015,2,noIP,1,47,0,0,0,07,02,17h30,VOTE,INFO,Simon,NA,15,IP,loser
31,3101,1,IP,1,37.4,8.5,7.1,58.75,08,02,12h30,VOTE,NONINFO,Simon,NA,15,IP,winner
31,3101,2,IP,1,36.5,10,2.5,65.71428571428571,08,02,12h30,VOTE,NONINFO,Simon,NA,15,IP,winner
31,3102,1,IP,1,53.2,7.2,18,51.111111111111114,08,02,12h30,VOTE,NONINFO,Simon,NA,15,IP,winner
31,3102,2,IP,1,55,6,7,73.33333333333333,08,02,12h30,VOTE,NONINFO,Simon,NA,15,IP,winner
31,3103,1,IP,1,57.4,17,7.6,66.66666666666667,08,02,12h30,VOTE,NONINFO,Simon,NA,15,IP,winner
31,3103,2,IP,1,39.5,4,10.5,66.66666666666667,08,02,12h30,VOTE,NONINFO,Simon,NA,15,IP,winner
31,3104,1,IP,1,51.8,20.8,0,68.33333333333333,08,02,12h30,VOTE,NONINFO,Simon,NA,15,IP,winner
31,3104,2,IP,1,46,15,5,81.66666666666667,08,02,12h30,VOTE,NONINFO,Simon,NA,15,IP,winner
31,3105,1,IP,1,44.1,0.3,20.2,27,08,02,12h30,VOTE,NONINFO,Simon,NA,15,IP,winner
31,3105,2,IP,1,79,16,16,30,08,02,12h30,VOTE,NONINFO,Simon,NA,15,IP,winner
31,3106,1,IP,1,15.1,5.9,6.8,26.666666666666668,08,02,12h30,VOTE,NONINFO,Simon,NA,15,IP,winner
31,3106,2,IP,1,47,6,16,88.88888888888889,08,02,12h30,VOTE,NONINFO,Simon,NA,15,IP,winner
31,3107,1,IP,1,52.5,22.2,0.7,61.25,08,02,12h30,VOTE,NONINFO,Simon,NA,15,IP,winner
31,3107,2,noIP,1,67,0,0,NA,08,02,12h30,VOTE,NONINFO,Simon,NA,15,IP,loser
31,3108,1,IP,0,27.2,1.4,12.2,36.666666666666664,08,02,12h30,VOTE,NONINFO,Simon,NA,15,noIP,loser
31,3108,2,noIP,0,61,0,0,NA,08,02,12h30,VOTE,NONINFO,Simon,NA,15,noIP,winner
31,3109,1,IP,1,36.3,0.7,11.4,60,08,02,12h30,VOTE,NONINFO,Simon,NA,15,IP,winner
31,3109,2,noIP,1,68,0,0,0,08,02,12h30,VOTE,NONINFO,Simon,NA,15,IP,loser
31,3110,1,IP,1,34.7,9.7,11,63.333333333333336,08,02,12h30,VOTE,NONINFO,Simon,NA,15,IP,winner
31,3110,2,noIP,1,63,0,0,NA,08,02,12h30,VOTE,NONINFO,Simon,NA,15,IP,loser
31,3111,1,IP,0,60.3,16,6.7,38.888888888888886,08,02,12h30,VOTE,NONINFO,Simon,NA,15,noIP,loser
31,3111,2,noIP,0,52,0,0,NA,08,02,12h30,VOTE,NONINFO,Simon,NA,15,noIP,winner
31,3112,1,IP,1,33,0,8,63.75,08,02,12h30,VOTE,NONINFO,Simon,NA,15,IP,winner
31,3112,2,noIP,1,33,0,0,0,08,02,12h30,VOTE,NONINFO,Simon,NA,15,IP,loser
31,3113,1,IP,1,41.8,5.2,4.4,30,08,02,12h30,VOTE,NONINFO,Simon,NA,15,IP,winner
31,3113,2,noIP,1,46,0,0,NA,08,02,12h30,VOTE,NONINFO,Simon,NA,15,IP,loser
31,3114,1,IP,0,43.3,4.4,5.1,27.142857142857142,08,02,12h30,VOTE,NONINFO,Simon,NA,15,noIP,loser
31,3114,2,noIP,0,56,0,0,NA,08,02,12h30,VOTE,NONINFO,Simon,NA,15,noIP,winner
31,3115,1,IP,0,20.9,2.4,2.5,15,08,02,12h30,VOTE,NONINFO,Simon,NA,15,noIP,loser
31,3115,2,noIP,0,46,0,0,0,08,02,12h30,VOTE,NONINFO,Simon,NA,15,noIP,winner
