subjectID,wordscreated,Nwords,Ncorrectwords,Npoints
101,"TIERS,DIRE,MITE,RADIS,ADIAS,DIT,RAS,DARE,TARD,DAME,",10,10,50
102,"RIDES,DIRE,SERIT,DAMES,MEDIR,RAMES,EDIT,TARE,TERS,TIERS,TIARS,DITES,DIT,DIS,RADE,MARE,MARS,MATER,DISE,DAS,SERT,",21,20,107
103,"EDITA,TERS,TIERS,DITES,AMER,AMAS,DITE,DATE,DATER,DATES,AMA,AME,AMES,AMERS,DIRE,DIRA,DIRAS,MITES,MITE,MITA,MITER,MEDITA,MEDITAS,DISA,MER,MERS,TES,TER,MAITRE,MAITRES,MET,METS,MEDIR,MEDISA,",34,34,186
104,"DITES,DITE,DIRE,MARE,MARES,TIRE,TIRES,SER,SERT,RIME,RIMES,RITE,RITES,SIDA,MER,MATE,MATER,MATES,MADI,TES,DIT,DIS,DAME,DATE,DAMES,DATES,RAT,RATS,RAME,",29,29,142
105,"MEDITA,MATER,RESTA,RESTAI,DATA,DATAI,TIRES,TIRA,MATA,DATER,",10,10,56
106,"TIERS,DAME,DAMES,DITES,DIRE,DIRES,AMAS,SERT,TARD,TARDS,RAT,RATS,RIT,RIDES,RIDE,DIT,TES,TAS,RIME,RIMES,RAME,RAMES,MAT,MATS,MAS,",25,25,121
107,"DITES,MES,TES,TARA,TAS,DES,SITE,SITER,RAMAS,SAIT,SAMAD,AMADE,TERS,TIERS,MATER,MITE,MITES,SATA,",18,18,87
108,"RESTA,DIT,DITE,MATER,MATERA,SERA,SERAIT,MISE,MISER,MISERA,MARE,MARES,DATE,DATERA,SERT,SERTI,DES,RAT,RATS,RATE,RATA,RATES,DIS,RASE,RASA,TIERS,RITE,RITES,REST,",29,29,141
109,"DATE,AMER,MITE,MITES,DATIER,DATIERS,DITES,DIRE,DIRES,MER,MERS,TARE,TARES,SERT,SAIT,AIDE,AIDES,DATES,MAIRE,MAIRES,TRI,",21,19,112
110,"AIDER,TIRE,RESTA,MER,AIME,TRAME,TIRES,TRES,MERS,DIRE,DITES,TAIRE,",12,12,60
111,"MAI,AIME,DIT,TIR,RIT,DAME,RAIE,SITE,",8,8,33
112,"MITE,TER,RADIS,DITE,DIRE,DAMIER,MAT,SIRE,",8,8,40
113,"DAME,TIER,TIERS,TIR,TIRE,TIRA,TAR,TARI,TAIRE,RAT,MAT,TAS,RAS,DIT,MIE,SIE,SIR,MIR,DIRE,MADI,DITE,SEMA,ADIT,EDIT,ITER,DAMIER,DAMIERS,SAT,SAM,",29,29,128
114,"AMAS,DITES,DIRE,SER,SERA,SIRE,SIR,TSAR,DIT,TIERS,IDES,RAME,RAMES,RAMT,RAT,RATS,RATE,RATES,DIRES,TAS,RAS,RAIS,RAIDE,RAIDES,RADIS,RADIT,RAIDT,MADE,",28,27,133
115,"MATER,DIT,DITE,DAME,SERT,TES,DIS,AMIE,AMI,TIRE,TIRA,RIT,TIERS,SERA,DES,ERA,MITE,MIE,MAI,MAIS,DITES,MAT,MET,METS,META,",25,25,110
201,"DIT,AMARE,REST,TERMIA,TERM,TIERS,RAIE,SERA,MEDITA,MARS,DIR,DIS,TERS,TER,AIMER,EDIT,EDIS,EDITA,EDITAS,AIMA,AIMAS,DIRA,DIRAS,",23,22,118
202,"DITE,DITES,AMAT,REDIT,AMAS,AIDE,AIDER,AIDES,MATS,MAT,MAIRE,MAIRES,MIE,MIES,TIR,TIRS,TIRA,TIRAS,TIERS,DAME,DAMES,DIT,DISA,MAI,MAIS,MER,MERS,TAMIS,TAM,SERA,SERAIT,MARAIS,RIS,RISE,",34,34,170
203,"MEDITAS,MEDITA,AMAS,DIRE,DAMIER,TERS,TER,SERAIT,SERAI,SERA,SEMA,SEM,MAS,TERAI,TAS,DIS,DIT,DISE,DITE,DITES,SERTI,SERTAI,TIRE,TIRAS,TIRES,MEDIT,MAD,MADER,RETAI,RETA,RITE,RITES,SARE,",33,33,168
204,"MEDITR,MEDITRA,MEDITRAS,TRI,TRAM,TIERS,DAME,DAMER,DATES,TAS,TARES,SARI,SERT,DIRE,MATERA,MATERAS,RAME,ITERA,ITERAS,",19,16,111
205,"DAME,DAMIER,DAMIERS,EDIT,DIRE,RAME,RAMES,AIDER,AIDE,SIDA,RADIS,MATER,MATE,MAT,MATS,MEDIT,",16,16,93
206,"AMI,IRA,MISA,TIRA,MATER,TISA,DATA,MATAS,",8,8,37
207,"RAME,SEMI,DATE,DATER,RATE,TARD,TARDE,MAIS,MEDITA,MEDITAS,RAMIES,ARMES,ARME,MARI,MARIES,MARIS,MARIE,TRAME,TRAMES,DAMIER,DAMIERS,TRAI,SATIRE,ARMA,ARMAIT,ARMAIS,MARS,",27,27,164
208,"DIT,TRI,TRAME,REDIT,TERA,TRIS,TRAMES,AMARE,AMI,AMIS,AMIE,AMIES,ATIRE,DITES,MER,MERS,MARE,MARES,MIRE,MIRES,RATE,RATES,RADIS,RADI,",24,24,122
209,"DAME,DIT,DITES,DIME,DATA,DATE,MAT,RIS,RISA,RIME,RAME,SAM,DIRE,DIS,DES,TES,MES,AMES,RATE,RITE,RITES,AME,MARDI,",23,23,106
210,"DIT,TIERS,AIME,AIMES,AIMER,DIS,MARDI,MEDIT,DITE,DITES,MAI,MAIS,SERA,DATE,SIER,DRAME,DAME,DAMES,DRAMES,RATE,RATES,RIME,",22,22,119
211,"AIMER,DIRE,TIERS,TER,DITES,DITE,DIS,DIT,DIRA,DIRAS,AIME,AIMA,AIMES,AIMAT,MADI,MARDI,MAT,DETIR,TIR,TIRE,TIRES,TIRA,REDI,REDIS,REMIS,REMI,ADAS,ADIS,MAITRE,MAITRES,MAIT,MATER,MADAIS,SATE,SADE,SAD,SIM,SIMA,SIDA,SERTI,",40,40,208
212,"DIRE,DIT,RAIDE,RAIDES,IARD,MARDI,DIRA,DIRAS,TAIRES,TAIS,TAI,RAME,RAMES,TRAM,DITES,DITE,TRIS,TRIE,TRIES,MISE,MIS,MET,DATE,DATES,DATER,RIS,RIT,MIT,TRES,SERA,DATA,TAIRA,TAIRAS,TAISE,MAT,MATS,RAT,RATS,RATE,RATA,TIRA,TIRAS,TIRE,TIRES,DAME,DAMES,DAMER,MER,MERS,",49,49,238
213,"AIER,DITE,DITES,AIMER,SERA,SERT,MAS,MAT,SITE,SITER,RITE,RITES,MITE,MITES,DAME,DAMES,TIRE,TIRES,TIRA,TIRAS,MATS,REMI,REMIS,RAMI,RAMIS,ARA,ARAS,RESTA,RESTAI,DEMIT,DEMIS,",31,31,156
214,"AMAS,TES,DIRE,DIRES,TIRE,TIRES,TIRA,TIRAS,MATE,MATES,MATER,DIRA,DIRAS,TAS,TARE,TARES,DEMAS,DAME,DAMES,TERA,SITE,SIDE,SIDA,TIRS,AMI,AMIS,MISE,DITE,DIT,DITES,MIS,MIRE,MIRES,MIRAT,TAMIR,DIME,DIMES,AMIDE,AMIDES,IDES,IDER,",41,41,213
215,"TIERS,AIMER,AIME,AMI,AMIE,AIDE,AIDER,MAT,MATS,TAMI,TAMIS,AMIES,AMIS,MATE,MATES,MATER,DISA,DIS,DIT,DIERA,DIRA,DIRAT,DATE,DATER,DATERA,MIS,MISER,MISERA,TISE,",29,29,153
301,"DIT,AMAS,DITE,DITES,DITS,AMA,DESIR,MEDIT,DAME,DAMES,TARI,TARIS,RAIDE,RAIDES,TRI,TRIS,RIS,RAIS,TRAI,TAMI,TAMIS,MAIS,MET,METS,TAS,MAS,MAT,DATE,DATES,SITE,",30,30,146
302,"DIS,TIRA,MATER,AMAS,RIMA,SITE,MAR,DAMIERS,DAMIER,AMADITER,SERTI,",11,10,64
303,"MEDIAS,TRAMES,DAMES,DITES,MARTES,TIRES,DIT,METIS,MAT,TRAM,SERTI,",11,11,64
304,"DIT,TIERS,MAITRE,MAITRES,SITE,DIRE,DATER,MAIS,AIMER,AIME,TAIRE,EST,MISER,",13,13,69
305,"SITE,DAME,RITE,RITES,RADIS,REDIT,REDIS,DIT,DIS,MITE,MITES,DIME,DIRE,",13,13,67
306,"AMAT,AMAS,DITES,DIT,DIS,DAA,MAS,TER,DIET,SER,SERT,SITE,MER,DIRE,TIRE,TIR,",16,16,67
307,"DIT,DITE,DIRE,SERT,SITE,DATES,DATE,DIMES,TAIRE,TAISE,MER,MARAIS,RESTA,MATER,DAME,RASE,TRES,TIR,TIRS,DISE,",20,20,98
308,"MEDITAS,DIRE,AIMER,RAME,DRAME,TAS,RATS,MATE,MITE,AMAS,SEMA,TRI,TRIE,TRIES,TRAME,REDITS,RASE,TIR,TARD,MER,",20,20,100
309,"EDIT,DIT,EST,MATER,AMA,DAME,RET,RAM,DIME,IDEM,DIESTRA,RETA,AIDE,TIERS,RADE,SAM,MAS,RES,TRES,RIES,IRTE,TEDIR,TEMA,TIMA,",24,24,113
310,"MAITRE,DIRE,RIT,TRAISE,MASE,DIT,DIS,",7,7,34
311,"TIER,TARD,AIMER,DIRE,MARE,MER,TRES,DIT,MAT,DITES,AMARE,SERA,",12,12,57
312,"DIT,SERA,MATER,AIMER,AIME,AIMERA,DITE,DIS,DAME,DAMES,DAMIER,DAMIERS,MET,METS,RAIE,RAIES,RASE,RAS,TAMIS,TAMISER,TAMISERA,TAS,TER,ARAS,",24,24,129
313,"DEMAI,DIME,AIMER,TIES,AMER,RIMES,RIME,RIMA,EDIT,SIME,MITE,MITES,SIRE,DIRE,RITES,RITE,RADIS,RIE,RIT,RAT,RATE,RATS,RATES,RADI,MADRE,TARES,TARE,MER,MERS,TRAIS,TRAID,",31,31,152
314,"DITE,DITES,TIRE,TIRES,MARS,TRAM,MATER,AMARE,DES,TES,SERT,SAMI,",12,12,58
315,"REDIS,TRES,DAME,DAMES,MAITRE,MAIS,TIR,TIRS,DIRE,RADE,SIR,SIRE,ARIDE,MATS,MAT,AIDER,AIDE,AIDES,TSAR,STRIE,ART,ARTS,",22,22,107
401,"DIT,REDIT,MAI,DATER,MAIS,RIMA,SEMA,DAMES,DAMER,TRAIS,MATE,DIME,ARMES,DIRE,RADIS,DRAME,TAIS,TAIE,TER,MEDIS,MEDIT,AMES,AIMER,AIMES,AIME,DEMI,DEMIS,TAS,",28,28,152
402,"AME,DITES,SERAI,DAIM,DITE,TIES,SIET,SER,SERA,DISA,MITES,MITE,MISA,SERT,MES,MAS,MAT,MATS,MIS,MAI,MAIS,TIRE,TIRES,TIRA,TIRAS,REDIT,REDITS,MARE,RAS,RAT,RATS,",31,31,142
403,"DIT,TIR,DIRA,TER,TERS,TIERS,DITER,AMAS,AMA,AMASE,DATER,DATE,MAIT,MAITRE,MAITRES,MITE,MITES,IMAT,DISA,DISAT,ARETA,ADITER,",22,21,115
404,"DIT,AIMER,TIRE,TIR,TAS,MARES,SERI,TIRA,TIRAS,AIMA,AIME,AIMES,DIAS,MATER,MATA,MATAS,MATES,DIS,DIRES,DIRS,SATIRE,DERIS,ADIT,ADIS,TERS,",25,25,124
405,"ADMIT,DIRE,DITES,ADMIRE,DIT,MITES,MATER,TIRE,TIR,IRS,REMI,ARSE,",12,12,61
406,"AME,AMER,TAS,MEDITAS,MEDITRAS,DIT,REDIT,REDITS,MATER,MATERA,MATERAS,MATERAI,MATERAIS,DITE,DITES,DATE,DATA,DATAIS,DATAI,DATERA,DATERAIS,DATERAI,MADAT,MAT,TIR,TIRS,TIRA,TIRAS,MIE,MIES,MIR,MIRE,MIRES,MIRS,AMARS,AMARE,MARE,MARES,MER,MERS,TARD,TARDS,TARDAIS,MAITRE,MAITRES,RATE,RAT,RATS,RATES,RATAI,RATAIS,RIS,RIA,RIAS,MARI,MARIA,MARIAS,MARIS,MARIE,MARIES,DAME,DAMES,",62,61,353
407,"MEDITR,RAIDE,TRIE,TRI,DIT,DITE,MER,RESTA,TRES,TRIA,DISTRE,",11,9,54
408,"AMER,EDITS,EDIT,DIRE,TIRS,TIR,MER,MERS,TIERS,AIDE,AIDES,AIDER,MATER,MAT,MATS,AMATER,SAIT,SERT,SERA,RATES,RATE,DISA,",22,22,107
409,"DIRE,DISE,MATER,TRISE,SERT,MAIRE,MAIRES,DIRET,TRAMES,TRAME,TAMARES,MARTE,MARTES,TERIS,DITER,EDIT,DIAMAS,DAMS,DAMAS,TERAIS,ERITAS,ERIT,MAI,MAIS,MADAIS,MAITE,MARES,MARE,MARS,TARS,TARE,SERIT,TIRES,TIRE,DIA,DAIS,",36,34,201
410,"DIT,DITS,AIMA,AIMER,AIME,AIMES,DITE,DIRE,DITES,TRIME,TRIMA,TRIMAS,TRIMES,RIME,RIMA,RIMES,RIMAS,TIMA,RIMAT,DIS,DATE,DATER,DATA,DATES,DATAS,AMER,AMERS,TRI,TRIS,TRAI,TRAIS,TRAIE,TRAME,TRAMAS,TRAMES,TRAMA,MEDITA,MEDITAS,MEDITR,RIS,RIT,MATE,MATA,MATES,MATAS,REMIT,REMIS,ADA,TIRAS,TIRES,TIRE,TIRA,TAIE,TAIES,TAIRE,",55,54,297
411,"DITE,DITES,TARD,AMAS,TRES,MARS,DIRE,DAME,DAMES,MARATE,RAIDE,RAIDES,TARE,TARES,DATE,DATES,MIR,MITE,MITES,SIR,",20,19,106
412,"DITE,DIT,TER,MAIS,MET,METS,TAIE,TAIS,TAI,MES,MER,TIE,DITES,AIME,AIMES,AIMER,RAIE,RAIS,RAIT,DRAS,DRAME,DRAMES,DITER,TRAIS,TRAIE,TRAISE,ASIA,ASIE,DIS,DISE,DISA,ERAI,IRA,IRAS,DIRA,DIRE,DIRAS,DIRES,TIRE,TIRES,SAI,SAM,TRES,TRAS,MAID,DIAM,MARS,TRIE,TRI,",49,49,228
413,"DIT,AMERS,MITE,SIR,MARDI,DARTI,TIR,TIRA,TIRS,MITES,DIRE,DIRA,DIME,DIMERA,RESTA,DIAMETRA,",16,15,87
414,"TIRE,SERTI,DATER,DATE,DARE,DAR,DARS,TAR,MARDI,TRI,TRIE,TRIS,TRIES,TRAM,TRES,SAM,RAME,RAMES,RAMI,RIE,RIS,RIT,RIES,RAT,RATS,RADI,RADIS,RADIE,RITE,",29,29,130
415,"MATER,DATER,SITER,SITE,AMIE,RADIS,TIERS,SAIT,SERT,DIRE,MARS,AMAT,TEAM,MITE,RAT,SIR,MIRE,TAS,RAME,",19,19,89
501,"DATE,DAIM,DAIMS,DATES,TAIE,TAIES,DRAMES,DRAME,TIRES,TIR,ETAIS,TAMIE,TAMIS,TRI,TRIES,TRIE,DIT,STIE,STRIE,ERAM,MARE,MARES,",22,22,114
502,"AMI,DIT,DITS,DITES,AMER,AMERS,TIA,TIS,TIRS,TIR,AMAS,AMA,TERS,MER,MERS,MERA,MET,AMIS,ERS,ETA,TAS,SER,SERA,SERT,ASER,RASE,ADIT,DITA,DISA,MATER,ARET,ARE,ARES,TES,RES,AERS,IRE,IRES,MIRE,MIRES,AMIR,AMIRE,ADMIR,ADMIRA,ADMIRES,ITA,MAS,MASE,MASER,AMASER,",50,49,227
503,"DIT,SERT,RAT,RIT,RATS,DATER,MAIS,DATE,ITEMS,MAT,TIER,TIERS,DAME,RITES,DAMES,",15,15,71
504,"DIRE,MATE,DAME,DAMES,DITES,DITE,RAMES,RAME,DIM,DIME,DIMES,TER,TERS,MAIS,MADE,RADE,DAI,DAIS,TAIS,TAI,TAMER,DATER,MADITER,MER,MERS,RIDES,RIDE,RAIDE,RAIDES,RAD,RADES,RAMI,RAMIS,RADIS,RADI,",35,34,188
505,"MEDIA,TERAS,SAMEDI,RAMASE,TISER,MEDIT,DITER,",7,6,45
506,"MER,DIT,MAT,SAT,DIE,RIS,RIMES,RIME,MATS,MERS,MIRE,MIRES,MIRETS,MEDIT,MEDITS,AMIES,AMI,AMIS,AMIE,DITE,DITES,TAME,TIER,TIERS,DATA,DATAS,TAI,TARES,TARE,",29,27,144
507,"DAME,TIERS,MASTER,MAITRES,MATER,SITE,RIMES,MISE,TRAME,MEDITAS,TREMA,AIDES,RASE,TAIRE,STRIE,",15,15,88
508,"MEDITA,MEDITAS,DIRE,DIRES,TRES,TRAIES,RAIE,RAIES,TIRE,TIRES,TIER,TIERS,SERT,SERTI,DISERT,MARDI,MIS,MISE,MISER,MISA,MIRE,MIRES,",22,22,119
509,"MAITRE,METIR,MADIT,MATER,MAT,AMARE,MARE,DIRE,",8,6,46
510,"ITEM,AIME,MAT,DIS,TES,SERA,MAIS,MES,DIT,DES,",10,10,42
511,"DIT,DITES,MAI,MAIS,DAME,DAMES,MAITRES,MAITRE,DISE,DIS,MITES,MITE,TRIES,TRIE,TRIS,TRES,DAMA,DAMAS,TER,TERS,DIRAS,DIRA,MERS,MER,MATS,MAT,AMAS,TAS,TASER,AMERS,AMER,RASE,RASA,",33,33,165
512,"TER,AMITE,REDIT,DIT,DITES,DAIM,DAIMS,AMAS,SERA,TIRE,TIRES,SITE,SITAR,RAME,RAMES,MAS,EDITA,EDITAS,",18,18,93
513,"DIRE,DITES,TAIS,SITE,MATER,DIS,MER,MAIS,METS,",9,9,43
514,"SITE,DIRE,TIRE,STAR,TIERS,DATE,TRES,MER,MERS,DIT,MARS,SIDA,DAME,TERM,",14,14,65
515,"SERT,DITES,STER,DAMES,DAME,DITE,TIERS,TERS,MAI,MARE,MARES,REDIS,REDIT,RAME,RAMES,DARS,MATE,MATES,MATERS,MATER,TIRE,TIRES,SIRE,SIRET,TISER,TIDE,TAS,",27,26,139
601,"AMATER,DIRE,DITES,DAMES,AIMER,AIMERA,AIMERAS,AMATS,AMA,AMAT,RATES,RATE,RATAIS,RATAI,RADIS,RADIES,RADISE,SAIT,SEMAI,SERAI,SERA,ERAIS,ADAIS,EDAIT,AIDER,AIDE,",26,25,148
602,"MAIS,DIT,DIS,REDIS,REDIT,AMAS,DIRE,RIME,RAME,TRAIE,TIR,TIRE,TIRES,MAT,MATS,AIDE,AIDER,TAIRE,TRAME,TRI,TRIE,TRIA,RAIDE,TRIMA,TRIME,TRIMES,TRIES,TRIS,TRAD,TER,",30,30,146
603,"DITE,DITES,MARS,DIT,DIS,REDIS,ETAIS,TIRE,TIRES,SERT,SERA,AIDER,TIRA,DISE,DISA,ARE,ARES,TRI,TRIS,MIS,MIT,MATER,MATE,MATA,MATAS,",25,25,116
604,"DIT,RAME,DIRE,MAT,MATER,MATS,RAMES,DATE,TAS,MISE,ART,ARTS,RADE,MER,MARE,MARES,",16,16,75
605,"ARME,DATE,MITE,MATE,TAIE,TARE,SERA,SERD,SERT,",9,9,41
606,"DITES,DIT,MAI,DAIM,AIME,AIMER,TIRE,MITES,MITE,REDIT,ITERA,TIR,MAT,MER,",14,14,68
607,"SET,SERT,DIRE,AIMER,TIRE,MATER,RITE,SERA,MARE,SAM,DITE,DIRA,REDI,REDIS,DAME,",15,15,72
608,"DIT,MAT,DIME,DITES,AMAT,DAME,DAMES,DAMER,DAMA,DAMAS,TAMIS,TAMI,RIT,RAME,RAMES,MATER,MATA,AMATER,ATIRE,SAIT,SERA,SIERA,SIET,SIE,ATISER,MATE,",26,26,137
609,"DAME,DAMES,RADIS,DITE,DITES,DIT,DIS,MIT,MIS,MISE,TAMISE,TAMISER,TAMISA,MATER,MATES,TAMIS,TARE,TARES,TREMA,TREMAS,DIRE,DIRA,DIRAS,MEDIS,MEDIT,MEDITA,MEDITAS,DATE,DATES,",29,29,171
610,"DIT,AIT,MEDIT,MER,MERS,MIS,MIT,DITES,TER,TIR,SERT,MADITER,MEDITR,MIDE,TSAR,SAM,TADE,MATER,",18,16,89
611,"AIME,AIMER,TRI,TRAME,DIRE,DIRES,DITES,DIME,DISE,TIRE,TIRES,ARTS,ATISER,ATISE,MARE,MARES,SEMA,SEMAI,RITE,RITES,SAM,RESTA,RESTAI,TAMISER,TAMIS,TAMISA,REDIT,REDIS,DIT,DIS,",30,30,159
612,"DIT,TIRE,AMARE,SIDA,SERAT,SERA,DIRA,SERAI,SERAIT,RETIS,RITE,RITES,MARI,MARIE,MAIRE,MAIRES,TIRES,TIRA,TIRADE,TIRADES,ASI,SATIRE,SATIRED,SITER,SITE,",25,24,132
613,"MEDITA,MATER,DIRES,TIERS,AMAS,RESTA,TIRA,TIRAS,RESIDAT,RESIDA,MAIS,TES,TRES,DAME,DAMES,TIRE,TIR,TIRS,SAIT,",19,19,99
614,"AIMER,DIRE,TIERS,DIT,DATE,TER,TIR,DIS,",8,8,35
615,"AIMER,AIME,AIMES,DIT,DITES,DAME,DAMES,ARME,DRAS,DATER,RIDES,RIDE,TAIRE,AMARE,AMARES,TES,RIT,RIS,DIS,AIS,AIES,AIE,MER,AMER,AMERS,DIA,DIAS,",27,27,132
701,"DIT,DITER,TIR,TIRE,TIRES,SERT,SERIA,MER,MERS,AMA,SERI,TRIS,RIT,RIS,RIA,RIAS,DIME,DIM,DIMES,DIRE,MIR,MIRE,MIRES,MIRASA,DATE,DATES,DATER,SAT,SAR,RAS,SITE,SITA,DRIS,DIRS,DIRES,DIRAS,DIRA,TIRADE,TIRADES,MITE,MIT,MITES,MITA,MITAS,MITER,MITERS,TRIA,TRIAS,",48,47,234
702,"DIT,MER,MERS,DITES,DIS,DITS,AMARE,AMAT,RIT,RITS,RITES,RITE,MARE,MARES,MARI,MARIES,MARIE,MARIS,RATS,RAT,RAME,RAMES,RAMIS,RAMI,RAMIE,RAMIES,SERA,SERAI,SERAIT,DAME,DAMES,MART,TARE,TARES,TARS,RADIS,RASA,RESA,RASAIT,",39,39,198
703,"MAITRE,AMI,TIERS,MATIER,DIT,MEDIT,RAS,RAT,TRAIS,TRES,DISA,SAIT,MAS,TAS,DAIT,SER,",16,16,73
704,"MIT,MER,MERS,DITES,DIT,DIRE,MAT,MATS,MATER,MATE,MATES,TER,TERS,DISE,DISA,DET,MARE,MARES,TIR,TIRS,TIRE,TIRES,RITS,RIE,RIS,RIT,RITE,RITES,DARS,DAR,MITE,MITES,MIS,MISE,MISER,MISERA,DATE,DATA,DATES,DATER,RADIS,RADIE,RADI,RADIES,RAT,RATS,RATES,RATE,RIA,RIES,RESTA,RESTAI,MARDI,MARDIS,RAME,RAMES,TRI,",57,57,275
705,"MEDIA,MEDIT,IDARET,SAM,DITE,DIRE,DIMA,SAMI,TERA,MEDITARS,AMAR,AMARS,AMARE,AMER,DATE,DATA,",16,14,92
706,"DITES,AIMERAS,AIMER,AIMERA,DIRAS,DIS,DAMES,DIT,TIRE,",9,9,52
707,"TRIE,AIMER,TRIES,DATE,MAIS,RESTA,RESTAI,ETIRA,SERA,SERAI,",10,10,50
708,"MEDITAS,RADIS,DIRE,TIRE,TIRA,AIMER,RADIE,RAT,RATES,RATA,AIMA,RIDES,RIDAS,TRAIS,MAIS,METS,",16,16,84
709,"AIDES,MEDIA,DITES,AIMAS,AIMA,DIRES,DIRE,MAIS,AMAS,RATS,RAT,AIMER,DIT,DIS,TRES,TIERS,DAM,TRI,TRIS,TRIA,AIDA,",21,21,102
710,"AIMERAS,AIMER,SERA,AIERA,AIMERA,TRES,TRAMES,SITE,DITES,AMERS,AMER,MERS,RAME,",13,13,72
711,"MAITRES,AIDE,DIT,DITE,DITES,DAMES,DAME,TAIRE,TASE,SEMA,MARE,MARES,MAS,MAT,MATS,TAMI,TAMISER,",17,17,92
712,"RADIS,MARDI,DIRAM,TERS,TAM,RADI,DITE,",7,7,38
713,"DIRE,MARDI,REDITS,REDIT,TRES,MATIER,SAMEDI,TERMIS,RESTA,RITES,RET,RITE,REMISA,REMIS,",14,14,81
714,"DITES,DIRE,MAI,MARE,MARES,DAMAS,RITE,RITES,RIA,AIR,AIRS,DATE,DATES,DATIER,SIR,SIRE,SIRET,DIME,DIMES,STERA,ERA,ERAS,AMAS,AMAT,MAT,MATS,DIA,DIAS,ARA,ARAS,TAS,TARES,TARE,DAME,DAMES,RAME,RAMES,",37,35,178
715,"MARDI,SERT,TERS,DIT,DIS,MARE,AMAS,ART,ATR,SIT,SERA,SARAT,SERAT,MIS,MIT,TAS,TAME,TRAME,TRAM,TRAMES,DRAME,DRAMES,DAMER,DAMES,DAME,TIERS,TIER,TRES,TRIS,TRIA,TRIAS,RET,TRAD,DRAT,DRAS,",35,35,169
801,"TER,MAI,AIMA,AMAIS,AIMAT,DITES,DITE,RAI,MATER,MARI,RIS,RIT,RITE,",13,13,59
802,"DIRE,AMATS,MAITRE,MAITRES,RESTA,RESTAI,DIRES,ISTRE,MADIS,RAIS,RAI,TAIE,TAIES,SAME,MEDITA,MEDITAS,TERMI,DIT,",18,18,103
803,"TER,DIT,DITES,DIS,DITE,DAMAS,TIRE,TIRES,TIRA,TIRAS,MAT,MATE,MATES,STRAM,TERS,SITER,RADIT,RADIS,RADI,RADIA,RADIAT,RAMA,RAME,RAMES,RAMAS,RAMAI,SERA,SERAI,",28,28,144
804,"DIT,TES,MES,DITE,DITES,RITE,RITES,DAMER,DAMERA,DAMERAS,DATE,DATER,DATES,DATERAS,DATERA,RIME,RIMES,TER,MER,RIDE,RIDES,ARIDE,TARE,TISER,MITE,MATERAS,",26,26,144
805,"DIT,DIS,MATER,TER,TARE,TARIS,DAME,DATE,TAIRE,MARE,DIRE,MAIS,DRAS,TRIS,TRIE,DRAMES,DRAME,TRI,DATES,DAMES,MAT,MATS,TRES,RIS,RIT,RADIS,TRAME,TRAMES,DITE,MIT,MIS,MIE,MIRE,MIRES,MIRS,MIR,TIERS,",37,37,181
806,"DIT,RAIT,DIRE,AIMER,AIME,DATE,DATES,DATER,DIRES,AIT,SAIT,DES,AMAS,DAMES,DAME,AIDER,AIDES,AIDE,MES,MAIS,TRI,TRIE,",22,22,109
807,"TAS,DATE,DATES,MAIRE,MAIRES,DITE,DITES,MARE,TIERS,TIER,TER,DAME,DAMES,MADE,MAIS,AMAS,TRAME,TRAMES,TAIS,TIED,DIET,",21,21,111
808,"DITES,TIRE,MEDIT,MAS,DIT,TERI,TERIS,DAMES,RIMES,TIERS,TAMIS,MITES,MAIS,DIS,DIR,DIRE,",16,16,82
809,"DAME,DAMIER,DAMIERS,TIERS,SIT,DIT,DITE,DITES,MEDIT,DISA,SIDA,AMAT,AMAS,MAIS,SITE,SITER,MISER,MISE,MIS,MARE,MARES,SAM,TER,DIE,DAMES,AMER,AMERS,ERS,SER,",29,29,148
810,"TAIRE,DIRES,RAE,RAME,SITE,DIRE,DATE,DAME,MATER,MITES,RATE,",11,11,55
811,"DAME,AMIS,AMIE,AMI,MER,DIRE,DITES,AIMER,",8,8,41
812,"DIRE,DATE,TIER,TIERS,DAME,DAMES,TRES,TRI,TRIE,TRIES,DRAME,RAME,RAMES,DRAMES,RIA,RIE,RIES,RIT,TIRE,TIR,TIRES,DIRA,DIRAS,MATE,MATES,RIDE,RIDES,TAMI,TAMISE,TAMIS,TARD,TARDE,MAIS,TES,RAI,DATER,DATES,MARAIS,RAMAIS,RAMA,RAMAS,MARDI,MARDIS,ATE,TAR,TAE,TAS,MAS,MATER,MATERA,MATERAI,",51,51,261
813,"DIT,DAMAS,SERT,MIE,",4,4,19
814,"EDIT,TIRES,TIRAS,DIRAS,DIRE,DIRES,DITE,DAMES,DRAMES,TIERS,EDITAS,DATER,DATES,DATE,DATA,MIRES,MIRE,MITES,MITE,TRIES,TRIS,TRES,TRAMES,TRAME,TRIME,TRIMES,DAMIERS,DAMIER,ARIDE,ARIDES,TARDS,TARD,TARDE,TARDES,TARIDE,TARIE,TARIES,ETAI,ETAIS,ETIRA,ETIRAS,MADE,MATS,MATE,MAT,METS,METRISA,",47,46,272
815,"TAIRE,TIERS,AMAIR,AIMER,TRAIS,MAIS,RAIES,RAIE,MARDI,SAIT,MET,METS,DES,EMIR,RAS,RAT,RATE,RATES,MAT,MATS,MATE,MATER,",22,22,105
901,"AMER,AMERS,DIT,DITE,DITES,MER,MERS,MATE,MATES,RES,TIR,TIRS,ADIS,TIRE,TIRES,RITE,RITES,SIR,RAS,RASE,RAT,RATS,MARI,MARIS,MARIE,MARIES,MARITES,",27,27,128
902,"DIRE,TAIRE,SARDE,MAIRES,MAITRES,MAITRE,MAIRE,DAMES,DAME,TIRADES,TIRADE,",11,11,72
903,"DATER,MAIS,TER,DAMIER,TRAMES,TRAIS,RITES,RAIES,STRIE,MARIE,MARI,AMAS,DATIERS,DATIER,DAMES,TRIA,DITES,TIERS,",18,16,102
904,"DITE,DITES,MAIS,DIRE,DIRA,DIRAS,SERT,TAS,DES,DAS,MES,AIME,AIMER,AIMERA,AIMERAS,SERAI,SERAIT,MAS,MASE,",19,19,97
905,"DITES,AMERS,AMER,REDITS,REDIT,RIS,RIDA,RIDATES,RIDATE,DAMES,DAME,DIAMS,TERA,SADE,SIDA,TIARE,TIARES,MATE,MATER,MATES,MATA,MATIS,RESID,REDISA,RESIDA,RESIDAT,RESIDAMA,DAMA,DAMERA,DAMERAIT,DIRE,DIRES,",32,31,199
906,"DIT,MAIS,DAME,SERA,DATE,SITE,SITA,AIME,AIMER,AIMERA,METS,MES,MATE,MATER,TER,MIS,MISER,MISERA,TIRE,TISER,TISERA,DITES,ERA,AERA,TIRES,MAS,",26,26,127
907,"DITE,DITES,RIT,DIRE,DIRES,TIRE,TIRES,TES,ATE,RAT,RATS,MER,MERS,DES,MAIS,MES,AIT,ATIRE,MARDI,MARDIS,AIMA,",21,21,97
908,"DIT,MARS,AMATS,AMAT,ARS,ARTS,TIRS,AMERS,MER,TIRES,TIRE,RIE,RIT,TES,",14,14,59
909,"DIRE,RITE,RITES,MATER,DAME,DAMES,MATERA,MATERAI,MATERAIS,REDIA,RADE,RADES,MAITRE,MAITRES,TRAME,TRAMES,RIME,RIMA,RIMAS,RIE,RIES,TRIES,TRIA,TRIAS,RIEA,RIAS,RIA,RESTAI,RESTA,",29,29,161
910,"AMIES,DIMAS,SIR,TIRES,SAIT,RIES,MARIE,MARI,MARET,MARE,TRIE,TRIES,RIE,RIT,RIS,",15,15,69
911,"DIT,DIRE,AMAS,TER,TIER,TIERS,TIRS,TIR,TIRE,MARE,MIRES,MARES,TARE,TARES,MER,MERS,AMER,AMERS,TERM,SIRE,DIME,DIMES,DAME,DAMES,MEDIR,MEDIT,ARDI,MATE,MAT,MATS,MATES,",31,31,157
912,"TIERS,DIRE,DIT,TES,MES,DIS,TIR,ART,ARME,MER,MERS,DITES,ARMES,SERA,SERAIT,TIRS,",16,16,71
913,"MEDITAS,MEDIRAS,AIMERAS,AIDERAS,RATIES,RATAIS,TIRES,EDITAS,AMARES,AIMER,AIME,AIMES,RESTAI,TRAMAIS,DETRAMAIS,RAMAIS,RAMAIT,DES,DISTRA,EDITA,DRAMES,DRAMAIT,MAITRE,MAITRES,",24,22,170
914,"DITE,DITES,TER,MARS,SERA,SERT,TISE,TIRE,TIRAS,TIRA,RAME,RAMES,SITE,SAM,",14,14,63
915,"TIERS,MARS,TAIE,SITE,MATE,MARE,MARES,",7,7,34
1001,"TER,DITE,DER,DIRE,DAME,MER,DATE,SEMI,SITE,TARE,MIS,REMIS,DEMIS,TRI,TRIS,MARE,MARES,MAT,MATS,SAIT,",20,20,93
1002,"DIRE,TERS,DIT,RIS,AMADITERS,TIRE,ARET,SAM,DAME,DIS,MAIT,MAS,TES,MADIT,TIDA,",15,13,73
1003,"AIMER,AIME,AIE,SIE,DATE,DATER,DATES,DARS,DAS,MITE,MITES,AMARE,AMERIS,AME,AMES,TIERS,TIER,AIES,DITES,DITE,DIT,DIS,AIDS,AIDE,AIDES,AIDER,TIRE,TIRES,TIRA,TIRAME,TIRADE,MATIE,MATIES,MATE,MATES,DIRE,DIRES,DIR,DIRA,",39,39,201
1004,"DIRE,AIMER,MEDITA,DITE,DITES,AMARES,AMAR,TIERS,TRAIS,DAMES,DAME,SIDA,SITER,DESIR,DATER,DATE,DRAME,DRAMES,TRADIS,DIS,MES,",21,21,122
1005,"TIERS,TIER,DITES,RIS,TES,TAMIS,MAIS,TAIRES,TAIRE,MIS,MES,MAS,RITES,AMERS,MAITRES,TERA,SAIT,SIR,SITE,DAMES,RAS,RATS,",22,22,103
1006,"AIMER,ITEM,DIRE,DIT,DITES,DIS,TRI,TRIS,REDIS,SERTI,DAMER,DAMIER,DAMES,DAME,TIRE,TIRS,DRAME,DRAMES,",18,18,99
1007,NA,NA,0,0
1008,"SERT,TRES,MATER,TIRE,TIRAS,SATIRE,SARI,AMI,MARS,TIERS,MAI,MAT,MAS,TAS,MIT,MARE,TARE,DIRA,RADIS,ITERA,DIT,RIT,RITE,RITES,SITE,",25,25,111
1009,"DIT,REDIT,AMAS,MEDIT,DAMA,RETI,SERT,SERA,SERAT,DATES,DATE,TER,TIERS,TIER,DAME,DAMES,MER,MERS,MEDIRA,MEDIRAS,SERAI,SERAIT,SAIRE,SADE,",24,24,128
1010,"DIRE,SERT,DAME,TIRE,TIRES,TRIE,DAMIERS,DAMES,TRAM,TRAME,MER,MERS,TARE,MAIS,MEDIR,TIERS,DIT,AMAS,AME,AMI,AMIS,AMIES,AMIE,AMA,SERA,",25,25,126
1011,"AIMER,DIT,DIRE,AME,AIMERA,AIMERAS,SITE,MAS,MAT,MATER,MATS,DIS,RESTA,RESTAID,DITES,DISA,",16,16,85
1012,"DIRE,AMI,DITE,RIDE,RIDES,DITES,MARI,MARIS,SIRE,DIT,TER,RESTA,DER,MARE,MARES,IRA,IRAS,DIRA,DIRAS,MER,MERS,DAME,DAMES,",23,23,113
1013,"DITE,MATER,DITES,DAITE,DAMIER,MEDIT,DIT,SAM,AIMER,AIME,ATIRE,MAIS,TAMIS,TAMI,",14,14,78
1014,"DIT,TIER,TIERS,DATE,TER,TERA,MEDIT,SITE,SITERM,DES,RIT,RIE,SAIT,SIER,SIE,SIT,SIDRE,",17,15,73
1015,"DIRE,DITES,SERT,TRES,DIRA,DIRAS,MATES,MATE,EST,MAIS,AMI,AMIES,AMIE,AMIS,TIERS,SERI,SERTI,MARIS,RIMAS,MATERAS,MATERA,MARE,MARES,SIE,SIM,",25,25,128
1101,"MAIS,DITE,TRI,RITE,TRIS,RITES,MITE,MITES,TIRA,RAIS,RAI,EDITA,MARS,EDITAS,MER,MERS,DITES,RAME,RAMAI,RAMAIS,SITE,DIT,",22,22,107
1102,"DIT,TER,TERS,DIRE,DITES,DIS,RET,RETIS,REDIS,MAIRE,MER,MERS,MAIRES,RAME,RAMES,RAMA,RAMAIS,RAMAI,REDIT,DISA,MATE,MATER,MATA,MATAS,SERT,SERA,MAI,MAIS,MAT,MATS,MATAIS,TES,MIE,MIES,MIA,SAM,MAS,TRES,TRAIS,TRAME,TRAMES,TRAMA,TRAMAIS,",43,43,217
1103,"MEDITA,MEDITAS,MDEIT,DITS,DIRES,DIRE,MAR,MARA,TIRA,TIRAS,MATE,MATER,AIDES,AIDE,AIDA,AIDAS,MAT,MATS,RAS,RATS,RAT,MART,MARD,DART,MARS,MARTS,TIRE,MIRE,MIRES,EMIRATS,EMIRAT,MATAR,MAITRE,MAITRES,AMADIER,SART,DARTE,SARTE,TER,TERS,TERA,TERMS,TERIS,RAID,RAIDES,RAIDE,RAIDS,RAMES,",48,46,264
1104,"DIT,AIMER,MIRE,RAID,TAIRE,DIS,DAME,DAIM,AMIE,AMIS,AMIES,MATER,MATA,RIE,RIS,RIES,DIES,DIME,",18,18,89
1105,"TES,DIT,DAME,DAMES,AIDE,SER,DITE,DITES,RAS,RASA,SAIT,SAM,MATE,AIME,AIMA,DIRE,DIR,SIR,DAR,DARS,TIARE,RAT,RIA,",23,23,101
1106,"MEDITA,DIT,DIRE,TIRA,TIRAS,EDITA,MARS,DIS,MATER,AIMER,AIMERA,AMIE,AMIES,ADMIRES,ADMIRA,ADMIRAT,DITE,MAI,EMI,EMA,EMAI,TIRE,",22,22,123
1107,"AMI,MAIS,MAI,SERTI,DIT,DIS,DITES,AIMER,TER,AMIS,SERT,SITE,DAME,DAMES,ATIRE,RAT,RATS,",17,17,79
1108,"SAMEDI,TRAIS,ART,DITES,DITE,DIT,MARDI,IRM,RIDES,RIDE,DITA,TISER,TISE,SITE,SITER,DIRE,DIRES,ARTS,TRAI,",19,19,95
1109,"DITES,TRES,DARE,MAIS,DIT,MIS,RIS,RIE,MIT,RIT,SAIT,",11,11,45
1110,"AIMER,AMER,DITES,RITES,TER,METS,MET,MAS,MATES,MATS,AMIES,AMIS,TRIMES,RAMIES,RAMIS,MIRAS,MIRES,TRIME,TRIMAS,SITE,SAIT,SATIRE,AIMERAS,MEDITAS,ARMES,ARMAS,MARIES,MARIS,MARI,RATES,MARTES,AIDES,AIDAS,",33,33,190
1111,"DIT,DIS,DITES,MAAIS,TIERS,RAIS,TRAIS,DIRES,TRAM,TRAMS,RITES,DIAMS,RIS,RIA,RIAS,MAITRES,MAITRE,",17,16,88
1112,"MIRE,DAME,MARDI,SAMEDI,REDIT,DATE,TIRADE,DIRE,AMER,RAME,",10,10,59
1113,"MARE,TARE,RADE,DAME,RATE,TIRE,RITE,MITE,MAIRE,MAIRES,RITES,MITES,DIMES,DIME,RAIDE,RAIDES,RASE,",17,17,91
1114,"MER,DAMIER,AMITER,AMITE,SATIR,SATIRE,TIRADE,RIME,AIDE,REST,TIR,SERT,TRAD,TAR,MATER,",15,15,78
1115,"MAIRE,TERS,DAMES,DAME,DIRE,RAME,RAMES,MERS,ARME,ARMES,SIME,DIMES,DIME,TIRE,TIERS,SERT,SERA,DES,TES,MES,MAS,MATS,MAT,RAS,RAT,TARD,DARE,MAIRES,MARET,DATE,DATES,",31,31,154
1201,"TIERS,RESTA,DIT,DISA,DAME,DAMES,MAITRE,MAITRES,MAIRE,TAM,DITE,SITE,DIRE,TIR,TIRS,TIRA,RAIDE,RAIDES,AMAS,MAS,TER,RIT,RAT,RATS,",24,24,117
1202,"AMARE,DIT,SERA,MAITRE,MAITRES,DIRE,DITS,SITAR,RATE,SIME,RAME,RAMES,TIERS,TIER,RATS,RAT,DITE,DITES,TRES,RAS,",20,20,98
1203,"DAME,MARS,TIED,SIED,MIDAS,TERS,SERT,ITERA,TRAM,TRAME,RAME,ERAM,MARE,MARDI,SERTI,MAIS,DIT,DITE,DITES,MASE,TAS,RAT,RATS,",23,23,114
1204,"TES,DITES,DIT,DITE,MAT,MAIS,TIERS,TEAM,MES,ATERI,DIME,DIMES,RESTA,",13,13,64
1205,"AMI,AMIE,DITE,DITES,DIT,DITS,DAME,DAMES,TAI,TAIS,TERA,TERAS,MAI,MAIS,SERT,SITE,SITER,DIMA,DIET,RAI,RAIME,RAMA,RAME,DAI,DAIE,DAIT,TIAR,RESIDA,RESIDAT,",29,29,143
1206,"DATE,DATES,DATER,DAME,DAMES,MAITRE,MAITRES,TIER,TIERS,DIT,DIRE,DITE,DITES,DIS,REST,EST,ESTI,MARE,MARES,AMAT,AMATS,MAI,MAIS,MISE,MIS,AIDE,AIDES,AIDER,AIME,AIMER,AIMES,AIMERS,TRI,",33,32,173
1207,"DIS,DIT,AIMA,AMER,AIMERA,AIMAT,AIMER,REDIT,MER,MERS,TIERS,TRI,TRIS,TRIE,RIS,RIE,RIT,TIRS,TIR,TIRA,TIRAS,TRADIS,DRAMA,DRAME,DRAMES,TRAMAIS,TRAME,TER,RAT,RATS,TARE,TARES,TARI,TARIS,TAIRE,TRAIS,TRAI,TRIA,TRIAS,RIDE,RIDES,",41,41,198
1208,"DIT,DITE,DITES,DIRE,MIRE,MIS,SERT,MITE,MITES,DAME,DAMES,DAMER,TIER,TIERS,DATE,DATER,DATES,SERTI,SIR,TRI,TRIE,TRIS,TRIES,TIR,TIS,TIRE,TIRES,ATIS,MAIS,MAI,MARI,MARIS,DIS,MIE,MIES,TIE,TAIE,TAIES,TAIRE,MAIRE,MAIRES,SAME,MEDIT,MEDITS,AMAR,",45,44,221
1209,"DITES,DIT,DITE,MITE,MITES,DIS,RIE,RIES,RIAS,MATS,MAT,DATE,DATES,MAIRE,MAIRES,RAME,RAMES,TERS,MATERS,MATE,MATER,SERT,SERA,MAITRES,MAITRE,MAITRA,TERAS,RESID,RESI,SER,",30,30,155
1210,"AMAS,DITES,DITE,TIERS,RITE,RITES,MAIS,TAIS,SERT,DAIM,SAMI,REMIS,REMI,TAIE,DRAS,MARE,RAME,RAMES,MARES,TRAME,TRAMES,TRAM,TRIME,TRIMES,TRISE,TRIS,TRI,DRITS,ARIDE,ARIDES,TARI,TARIS,TRE,ARET,AIRS,AIRE,AIRES,AIR,",38,37,190
1211,"DITES,DIRSE,DISE,AIES,AIT,AIE,MAIS,SITER,SITE,AMERS,AMER,TARES,TARE,SAIT,TAS,ARAS,RIS,RIT,RIES,RAIES,RATES,RATE,DIRES,DIRE,DIRAS,DIRAT,DIRA,MATES,MATE,",29,28,135
1212,"MEDIA,DATE,DATES,DATER,DATERA,DATERAI,DATERAIS,MER,MERS,AMER,AMERS,TER,RATE,TARES,RATA,RATAI,RATAIS,TARAS,TARA,TARAIS,RETAD,RETADA,RETADAI,RETADAIS,MARS,DITE,DIT,DITES,DIRA,DIRAS,DIRAT,DIRE,DIRES,TRAM,TRAMA,TRAMAI,TRAMAIS,TIR,TIRE,TIRA,TIRAS,TIRADE,TIRADES,MAT,MATS,MATE,MATER,MATERA,MATERAI,MATERAIS,TRIME,TRIMAS,TRIMA,ARIDE,ARIDES,DEMI,",56,53,327
1213,"DITES,AMERS,TIERS,MERS,MER,DIT,MARE,RIS,RITES,AMARE,TES,MES,SITE,DIRE,DIRES,DATE,SERT,SERTI,MAR,MARI,MARIS,TERS,MAS,",23,23,108
1214,"AMAS,TER,TERS,DIT,DITES,MATER,TIR,TIRS,TIRE,TIRES,TIRA,TIRAS,TRAIS,TRAI,DIRE,DIRES,AMI,AMIE,AMIS,AMIES,TRAM,TRAMS,TRAMA,TRAMAS,TRAMAI,TRAMAIS,MAITRSE,MAITRE,MAITRES,TAIR,TAIRE,TAIRA,TAIRAS,MIT,MITS,MITE,MITES,MIS,MISE,MISA,MAIS,MES,MAS,MER,",44,43,226
1215,"RES,DAM,SIT,MAT,SAA,SAR,TAM,RAS,ADE,DIM,RAM,SAM,DIT,SDI,DIS,DIA,RAD,RIS,TAR,TAS,SID,SIM,DES,TES,TIS,SER,MES,RIT,RIM,",29,29,106
1301,"MEDITA,MEDITAS,DIRE,RIDE,RIDES,MEDIRA,MEDIRAS,DIME,TAMIS,TAMISA,TAMISE,TAMISER,TAMISERA,DAMIER,DAMIERS,TRIME,TRIMA,TRIMAS,DIRA,DIRAS,DIRES,TIR,TIRA,SIR,SER,SET,TES,DES,DAS,DATE,DATER,DATERA,DATA,MATER,MATERA,MATE,MAT,MARAS,AIDE,AIDER,RADE,RADIS,AIRE,AIR,RIA,RIE,RIT,RIDEA,RIDA,TIRS,TIRAS,",51,51,282
1302,"MEDIAS,MEDIA,DIT,DIR,DIRE,DIS,DITES,AIMER,AIME,AIMES,MATE,MATES,MARDI,DESIR,DISERA,ATER,",16,16,90
1303,"DIRE,DAMIERS,TIERS,AMAT,AMAS,SITRE,RITE,RITES,IRE,DITRE,TERS,MAT,MATES,",13,13,66
1304,"MAD,SERT,DESRT,TRES,DIRT,DIRE,DIT,DIS,MAT,MATS,DIAME,MAITRE,MAITRES,MATA,MATAS,DITES,MART,MARIE,MARIES,",19,18,103
1305,"DAME,DAMES,DIRE,DITES,DITE,RITE,RITES,TAS,DES,RES,MER,MERS,MAI,MAIS,TIRE,TIRES,SEMA,RAT,RATS,MIRE,MIT,MITS,TAIE,TAIES,DIT,DIS,AMAS,AMA,RAME,RAMES,RAMA,RAMAS,TAME,AIE,AIES,AIT,MIS,",37,37,168
1306,"DITES,MATER,MATES,MATE,DITE,DIRE,DISE,MARE,MAR,AMAS,AMA,TIERS,TIER,DRAS,SERA,SERAI,SERAIT,TIRE,MARDI,ADIT,AMARE,TIRES,DIT,DRAME,DRAMES,MAT,MATS,",27,27,140
1307,"MER,TARD,MARS,DIRE,AMER,AMERS,DIT,DIS,DITES,RIME,RIMA,RIMAS,TRAME,DISE,MAIS,TAIRE,SAIT,SITE,SITER,SITERA,TRIS,",21,21,104
1308,"DIT,MEDITA,DATER,AIDA,DATE,MARE,AIDE,DITES,DAME,",9,9,50
1309,"DITE,DITES,MAITRE,MAITRES,SERA,TES,DAS,TRES,SITE,MATA,TAIRE,TAIRES,TAIRA,RIT,RIS,RIA,RIAS,DIRE,DIRES,DIRA,DIRAS,DRA,MATAS,",23,23,111
1310,"AIDER,TIR,DIT,DIS,TAISE,ARDI,SERTI,DAMA,TIRE,TIRES,DAME,MAITRE,MAITRES,SERT,SERA,SERAI,SERAIT,DIRE,DISA,MATA,RATA,RATE,TAIRE,TAIS,TAI,TIERS,TIER,",27,27,131
1311,"DIRE,MAT,MATS,MATES,DITES,AMARE,REDITS,RADIS,MATE,DIRES,RAME,RAMAS,RAMAIS,RAMAIT,DEMAR,MARDI,MARDIS,ARMA,ARMES,REDIT,DARE,TIRE,TIRA,TIRES,TAIRE,AIDER,AIDE,AIDES,AIMES,AIMER,DAMER,DAMAIS,AMAIS,RAMES,TRAMES,TRAME,RIDES,RIDE,RADE,RADES,TAMES,RATE,RATES,",43,43,249
1312,"MERD,MAT,DIT,MER,AME,AIDE,SERT,DATE,MES,TIR,MAIS,AIMER,DATER,MERS,DITE,MARS,AIMERS,",17,16,82
1313,"SITE,DAME,DAMES,DITES,DIRE,DIME,DIMES,RIME,RIMES,DATE,DATES,SAM,TAMIS,TAMISER,TAMISE,MEDIT,MEDITS,ADMIRE,MIRE,MIRES,TIRE,RITE,RITES,MISER,MISE,MISET,MASET,MATE,MATER,MATES,MADIT,MARE,MARES,MARET,MARA,MARAS,",36,34,210
1314,"DIT,TERS,DIRE,AIMER,SITE,SITER,DITES,DATES,DATE,MAIRE,MAIRES,MARE,MAR,MAIS,TES,TIR,DAR,DART,TARD,MISE,DIMES,DIME,AMATE,DAMAS,RETIS,RETAD,TAIS,TAMIS,TAMI,TAMIR,RIMES,RIME,SER,SERT,TISE,DIM,DAT,DAS,MITE,MAITRE,MAITRES,AMAS,",42,42,215
1315,"MER,DITES,DES,DAME,MERS,DAMES,AME,AIRE,AIR,DIRE,",10,10,48
1401,"TES,MARS,DIRE,RAIES,DIT,RIME,SATIRE,MARDI,DIS,TIERS,MES,DES,SERT,DISA,DITES,RIA,RIE,",17,17,78
1402,"AIMER,MEDITRAS,DAMIERS,TRAME,DATERAS,REDITS,MEDIAT,RESTAI,MAITRES,MAITRE,REMISA,REMISAT,DRAMES,MERITAS,METRAS,",15,14,113
1403,"METIS,AMER,MER,RATE,RADIS,DIT,DIS,SITE,AMAS,DITE,RASE,MARDI,SAT,TAS,MATER,MITE,MITES,MITER,",18,18,87
1404,"DITE,DITES,AME,AMES,TIR,TIRE,RAME,RAMES,MITE,MITES,DASER,DISE,DISER,AMADE,SERT,SIR,SIRAT,TEMAR,MISTER,MET,METS,DAME,DAMES,DATE,DATES,DATIER,DATIERS,TIERS,TIER,TIRS,TRI,TRIE,TRIES,TRIA,DISA,",35,33,180
1405,"DIRE,RATE,SITE,MER,MARAI,MARAIS,TIRE,RAT,TIERS,RADIS,MATE,",11,11,53
1406,"MEDIAS,MARDI,TARD,MARS,MERDS,",5,4,32
1407,"DIT,TERM,DIRE,DATE,MAIRE,TAIRE,TER,SERT,SADER,SEDR,DISA,DIS,DIR,DIRA,MATER,MATE,MATES,SERA,SERAIT,SERAI,MARES,SERAT,DIRES,",23,23,115
1408,"DAMIERS,DAMIER,TIRA,TIR,TIRS,METIS,DITE,DITES,TARD,RESTA,",10,10,55
1409,"TIRE,DIT,TIERS,DATER,DATES,DIRES,TARE,SET,MAIS,MITES,RITES,RIE,RIS,RIT,SERT,SERIT,DAMES,RAT,RATS,SAI,SAIT,",21,21,93
1410,"AIME,TIER,MED,MAR,DITE,TERS,TER,TERA,MER,DAM,MERS,DAMS,DAME,DAMES,AIMES,",15,15,73
1411,"DIT,TIERS,MAT,MATER,MEDITR,MEDITA,TARES,TIRS,AMIS,AMI,AMIES,DITES,MITER,MITE,MITES,MITA,DAMA,MATA,MATES,DIRES,DIRE,MARE,MARES,SIR,RIES,RIS,MISER,MISE,MISA,DIME,DIMES,RATA,RATAS,RATES,RATE,MIRES,MIRE,MIRA,",38,37,199
1412,"MAIS,RIE,TIE,MAR,MARE,AMIE,AMI,AMIS,AMIES,MARES,RIES,TER,TERS,SIE,SIT,SIM,RAME,RAMES,RAMI,RAMIS,RADIS,RADI,RAID,TIERS,TIER,STAR,MARIE,MARI,MARIS,DIT,DIS,DIRE,TAMIS,",33,33,154
1413,"DIT,TER,REDIT,DIRE,MIRE,SATIRE,TAMIS,TAMISE,",8,8,42
1414,"DIRE,AMAS,TIRE,TIRS,TIRES,AIDES,AIDER,MATER,MATE,REDIT,METS,TIRA,TIERS,",13,13,66
1415,"DIT,MATE,MATES,MATER,MAR,MARE,MARES,TRES,TRAI,TRAIS,REMIS,REDIT,REDIS,TRIS,MAS,MAT,MATS,MATERA,MATERAS,MATAIS,RISA,",21,21,110
1501,"DIRE,RIT,RIDES,RIDE,TIRE,DITE,SAIT,RAT,RATE,MAITRES,MAITRE,TIERS,RAIDE,RAIDES,MATE,MER,",16,16,81
1502,"AIMER,AIME,TER,TRES,TREMA,DET,ERS,MAI,MAIS,MAT,DIT,DIS,DITE,DITES,AMARS,AMARES,DIRE,DRAME,DRAMES,MATS,REDIT,REDIS,TAS,",23,23,116
1503,"TIRE,AIMER,TRISE,ARME,ARMES,MEDITR,MEDIT,MEDIR,TSAR,MARIS,MARI,DIT,DIS,RESTA,REST,RESTI,AMI,AMIE,AMIES,",19,18,100
1504,"AMATS,AMAS,DITES,DIT,DIS,DIRE,TES,MAT,RESTA,RET,ATA,TRES,TRAIS,TRAIE,TRAIES,ADIT,MEDIAS,MEDIA,RAME,RAMES,RAMA,RAMAT,RAMAS,RAMASI,",24,23,123
1505,"DIT,DITE,DITES,MARE,MARES,TER,TIR,TIRS,TERS,DIRE,DATE,DATES,MAD,TAIR,TAIRE,SERD,SERT,SER,AIS,TIE,DITS,MAT,MATS,MAIS,MERS,MER,MAID,",27,27,122
1506,"DIRE,DITES,DATER,MAIS,TRIE,TRIES,TRAIE,MAITRE,MAITRES,TAIRE,TAIRES,SITER,RITE,RITES,SAIR,RAIDE,RAIDES,",17,17,93
1507,"AMI,DIE,RIA,TER,MAT,DAME,DAMER,STAR,RASTA,DIT,RAS,RAT,TARS,AMAS,RESTA,REST,DIS,ASE,ESA,MITE,RITE,TIR,TIRE,TIRA,TIRAS,TIRES,RITES,RIES,MER,MERI,MAR,MARE,MARES,TERS,RATS,MERS,MITES,DIME,",38,38,166
1508,"TES,DITE,DITES,AMARE,MARDI,MITE,MITADARE,DESIR,STRIE,ARME,ARMES,MITES,MARDIS,TRAM,TRAMS,MAITRE,MAITRES,DIS,DAMIER,DAMIERS,ITER,TER,TERS,TERA,",24,23,140
1509,"DAMERAIS,TRAIS,EDITA,MARIE,TARDES,DATER,DITE,RATE,MAT,TER,RIDE,RIT,SIR,TIR,",14,14,70
1510,"DIRE,RAT,RIE,RIT,DITES,DIRA,MARS,MAT,SITE,SIR,TIRE,TARE,TARD,TARI,RAS,RET,SERT,SATIRE,DATE,MATE,MIRE,MARAT,SERA,",23,23,99
1511,"MARE,DIRE,AMARE,AMARES,DITES,DITE,MERS,MER,TRES,TRAME,TRAMES,MARES,MIRE,MIRES,ATIRE,ATIRES,ATRES,DIRA,TER,DRAME,DRAMES,DAME,DAMES,DRES,",24,24,134
1512,"AMAR,TREMA,DIT,AMAT,TIR,SATIRE,SATIR,TRAME,ERDI,ERDIT,ERDIS,DIRE,TIRE,TIRES,AMASER,",15,15,78
1513,"RESIDA,MEDITAS,DAMIERS,SAMEDI,AIDER,SITER,SITE,ADMIS,TIRES,MARDIS,AMERS,DATER,MAIS,",13,13,85
1514,"DIRE,DITES,MARDI,TIERS,AMI,DAME,MATER,TARD,SERA,MER,TRI,RESTA,ITERA,DIS,TAIRA,EST,",16,16,77
1515,"DITE,REDIT,REDITS,AMARE,AMAR,RAT,RATS,RADIES,RADIE,SERT,TER,TRES,DIT,DITS,MIS,MIT,MAIS,DATE,DATES,RATA,RATAS,RATAI,RATAIE,RATAIES,DAME,DAMES,DAMER,TAS,TAIES,TAIE,TRIS,TRI,DIRE,SAT,SAR,SAM,SAI,SAE,RAMI,RAME,RAMES,TIR,TIRS,TIRE,TIRES,TIRA,TIRAS,",47,46,221
1601,"AMI,DIT,DITE,DITES,RADIS,TIERS,TIER,SERAI,SERAIT,DAME,DAMER,SITE,SITA,REDIT,EDIT,EDITS,REDITS,AMARE,AMARES,AIME,AIMER,AIMES,AIMERA,AIMERAS,DATE,DATES,DATER,DATERA,DATERAS,MEDITA,MEDITAS,MEDIT,RATE,RATES,RATAS,RATAIS,RATAI,MAT,MATS,MATE,MATER,MATERA,MATERAS,MATERAIS,SAM,MAS,MARE,",47,47,273
1602,"DITE,MATER,MEDIT,REDIT,AMAS,DAMER,DITES,MARE,TESARD,RADIS,TIERS,RIE,",12,12,68
1603,"DIT,DAME,TIRES,MATER,AMAS,MADRE,TIERS,AIE,AMIS,MIT,MIS,TER,TRES,RITE,MISE,AMI,AMIE,AMIES,DAMES,DAMER,RIMES,DEMIS,DEMIT,",23,23,119
1604,"DITES,AIMER,DATES,RATE,SAMEDI,DATA,MAIS,SITE,MAITRE,REDI,TRIE,DAMER,TAS,MAS,DIT,",15,15,78
1605,"MAITRE,ARME,DIAMAT,AIDE,AIDER,RAIDE,DIRE,DITES,SITE,MARS,MITE,MITES,RIT,MAIS,RAME,SAM,RAS,",17,17,88
1606,"DIT,DITS,DITES,DITE,DIRE,AMI,AMIS,AMIE,AMIES,DATE,DATES,DATER,MITE,MITES,MAT,MATER,DAME,DAMES,AIMER,SERT,SER,MES,MIS,MIT,MAIS,MAITRE,MAITRES,AMER,AMERS,AIDE,AIDES,MISA,MISER,TARE,TAS,SIR,SIRE,",37,37,188
1607,"DISE,MAIRE,TRES,DAME,RESIDA,SAMEDI,TAIRE,TRIA,MARDI,AMAS,TRI,DIT,RESTA,TRIE,DRAME,TISE,ATISE,DESIR,SERA,TIRE,TIRA,TIRES,",22,22,112
1608,"SATIRE,AIDER,AIMER,DIRE,TIERS,AMI,TARD,",7,7,37
1609,"DITES,AMES,TIERS,DAME,RIS,TER,MER,MERS,AME,AIME,AIMES,TARS,MAIS,MAI,MARE,DIT,REDIT,",17,17,80
1610,"MARE,DIRE,DITES,RAT,DAME,MER,SERA,DIRA,RESTA,",9,9,43
1611,"AIME,MER,RAS,DIT,SAI,SER,SAIT,MAIS,DES,TIER,TIERS,DIS,MES,TES,RAT,RATS,",16,16,62
1612,"MER,DIRE,DITE,DIT,DIS,AMAT,MERS,TIERS,TIER,DIME,DIMES,RAME,TRAM,MARES,TRAMS,DISE,DITES,DES,DESIR,RITE,RITES,RIME,RIMES,SERT,SERD,TRI,TRIS,TRIE,TRIES,RIDE,RIDES,MIS,MIT,MIE,MIES,MISE,MISER,MITE,MITES,",39,39,192
1613,"MEDITA,MEDITAS,DIRE,MAIS,MAI,TAMISER,TAMISERA,TAMISA,TAMIS,AIMER,AIMERA,AIMERAS,REDIS,ARIDE,ARIDES,AMI,AMIS,AIMA,SERTI,SERT,SAIT,ATISA,ATISER,MEDIS,MEDIT,DARS,",26,26,158
1614,"DIT,DITS,AMAT,SAR,RATE,RATS,RATES,RADI,RADIS,TES,MES,MER,MERS,DITES,MATER,MATERS,TERS,MARDI,MARE,MARES,DAMS,SER,SAM,SAMT,RES,RESTA,RESTAI,RESTAID,DAMA,AMAS,AMA,AMAIS,MAIS,",33,32,164
1615,"DITE,DITES,TIER,TIERS,SITE,AMADE,AMED,TRIE,TRIES,DIRE,MADAE,MAI,MAIS,DIME,DIMES,SIR,SIRE,TAIR,TAIRE,TAIS,TAI,MARDI,MAID,",23,22,116
1701,"RAIDES,TIRAS,ATIRAS,MAIS,DAMAIS,DAMES,TAIES,MAS,DIT,RIDAS,RIDES,MITES,MAITRES,MAITRE,EMIRS,EMIR,DIRE,RIS,RAS,ARES,ARE,SITE,",22,22,117
1702,"DITES,DIMES,DAMAS,AIMER,AIMES,AIME,DIT,DIS,MEDITA,RAMA,RAMES,MAIS,TRI,TRIS,MAITRE,MAITRES,MAT,MATS,MIT,MIS,MITE,MITES,MITRE,MITRES,DES,TAMIS,SERT,",27,27,146
1703,"MATE,DIT,MAT,RAT,AMA,DATA,RAS,DITE,REDI,SERT,DIR,DIRE,AMAT,DRAS,DRAT,",15,15,66
1704,"DIT,AMI,AMIES,AMIS,DAME,DAMES,TIERS,SITE,DITES,DIRE,REDIT,REDIS,MER,AIDE,AIDER,AME,AMES,TRIS,",18,18,92
1705,"SAMEDI,DIT,RATE,MAIS,DIARE,RADIE,SAIT,TIRE,",8,8,41
1706,"DIT,MATERS,MISTE,SERT,RAM,MARE,RIT,RISTE,SITE,SIT,TASE,SET,MIT,MITS,",14,14,61
1707,"SITE,RAT,MAS,MEDIT,MEDIR,METIR,DES,DIT,DIS,DATE,DAR,DARE,DAME,DASE,MAITRE,META,AITE,ETAS,SAIT,",19,18,92
1708,"MEDIT,MAI,STAR,IDES,TIERS,DATA,AMETAIS,SERT,DISTRE,",9,7,49
1709,"SIDA,DAMAS,MATIERS,MITE,DITES,REDIS,RAMAS,MEDITA,TERMIA,TIERS,TRIE,TIRE,",12,10,71
1710,"AIMER,TIERS,DAME,TRAIE,TIME,DIT,DITES,DRAMES,RAMI,AIDER,MATS,TIRES,SARI,RAIDES,",14,14,77
1711,"MEDITA,MEDITAS,RATEAIS,RATAIS,RATAI,RATA,RATE,RATES,MARDI,MARDIS,TRIES,TRIE,TRIA,TRIAS,TRIAMES,DATE,DATER,DETA,DATES,DATERAIS,DATAI,DATAIS,DATAMES,DATAS,TIRA,TIRAS,TIRAMES,TIRE,TIRES,TERS,TER,DITES,DIT,DIS,DAMES,DAME,TRAME,TRAM,TRAMS,TRAMES,RAMES,RAME,RAMAIS,RAMAIT,RAMAS,RAMA,RAMATES,MAT,MATE,MATES,MATS,MATAS,MATA,MATAIS,MATAI,MATERAIS,MATERAI,",57,56,337
1712,"DIT,DIRE,RAME,DITE,DITES,MARE,MARET,AIMER,AIME,AIMES,AMI,DIAMETR,MAIS,",13,13,71
1713,"SIDA,SITE,TERA,",3,3,13
1714,"MATE,DAME,DITE,MARS,TERS,MATER,MATES,MEDITA,DATE,SATE,DAMIER,DAMIERS,AMER,AMERS,DIT,TES,MES,SERT,",18,18,97
1715,"EDIT,DAME,MATER,MARDI,MARS,TIER,TIERS,SAMDI,SAMEDI,MARAIS,",10,9,60
1801,"AMI,AMIS,AMIE,AMIES,TIER,TIERS,DIT,DIRE,DIRES,TRES,AMAS,MATS,TAMI,TAMIS,DIME,RITE,RITES,SERT,SERTI,TAS,TARE,TARES,ATARDE,ATARDES,RIS,RAS,RISE,RIDE,RIDES,RIME,",30,30,146
1802,"DIT,MAIS,TRIE,TRI,MAI,RIT,RIS,RAT,RATS,DIS,DIRE,MIS,MIT,MISE,RIE,MIE,TES,TRES,SITE,DITE,DITES,TER,RAS,TASER,",24,24,95
1803,"TERM,TERMS,DIT,TIERS,TIR,TRIS,TRI,RID,DIRE,ARMES,TRIE,REST,RES,MID,MEDI,DAME,SERT,ART,ARDE,MATIS,AMAT,TARD,SEDR,",23,23,106
1804,"DIRE,DIT,AIDER,AIDE,AIDES,DITES,AMAT,AMAS,AMARE,DIRA,DIRAS,DIREA,DATER,DATE,RAME,RIME,RIMES,DISTER,SERA,TARE,RASE,MITE,MITES,",23,23,122
1805,"DIT,DITES,RAT,RATS,MAE,DAMES,DAME,DAMER,DAMAIT,DAMAI,DAMAIS,DAMAITS,MAIS,MAS,MAT,MATS,DIRE,MEDIT,MEDITS,MEDITA,MEDITAS,RADIS,RADIE,RADIES,REDIS,REDIT,REDITS,MITE,MITES,MITER,",30,28,183
1806,"MAT,AMA,AMAS,TRI,TRIS,TRIES,TIS,MIS,MIT,MITE,DAME,DAMES,DIMES,DIME,DITE,DIT,DIS,DITES,DRE,MIRE,MIRES,RIS,RIE,RIT,RITE,RITES,RAME,RAMES,RAT,RATS,RATE,RATES,RADIS,RIMES,RIME,MER,MERS,TRES,SERT,SERTI,MAITRES,MAITRE,MARE,MARES,ARMES,ARME,ARIME,",47,47,228
1807,"RAME,RITE,RITES,DRAME,DRAMA,DRAMES,DIRE,DIRES,TAMIE,TAMIS,RAS,RASE,TRAME,MARI,MARIE,SATIR,SATIRE,DAMER,DAME,RAMIE,RISTE,AIMER,ARIME,",23,23,130
1808,"TES,DIT,DIS,TAIS,MAIS,TIRE,DIRE,DITE,DITES,MIRE,MIRES,MAT,MATS,MAS,MER,MERS,SIR,SIRE,SER,SERI,SIER,SIT,",22,22,94
1809,"DIT,MER,MAIS,AIDE,IMERS,REDIT,RIS,",7,7,33
1810,"AIMER,DIRE,DITES,MARDI,TAIRE,SAMEDI,TRAM,DIT,",8,8,46
1811,"AMARES,DITES,AIMER,AIMES,REDIT,EDIT,RIMA,RIMAT,RIMES,RAME,RAMAIT,RAMAIS,TRIES,TRIAS,TRAMES,TRAMAIS,DAMIERS,DAMIER,DAMES,DAME,MATE,MATAIS,MATER,MATERAIS,DATERAIS,DATAIS,",26,26,170
1812,"AIME,DIT,DITE,TIRE,SIRE,RIES,DATE,DAME,AIDE,RATE,RAT,RATS,RATES,AIMES,AIMER,TRES,MATER,MITE,MITES,RITE,RITES,MIR,MITRE,MITRES,MIT,MISE,MITS,MIS,",28,28,135
1813,"DIRE,DIRES,MATE,DATE,DATES,DIS,DES,MES,DAME,RITE,RITES,MARIE,RADE,RIDE,RIDES,DIRA,AMI,AMIE,AMIS,AMIES,DISA,AIT,AIS,MAIS,MAIRE,MAIRES,MARE,MARES,MARI,MARIS,MAIRA,MARIA,",32,32,164
1814,"DIT,TERS,DIRE,DIRES,TAMI,TAMIS,TAMISER,TIRE,TIRES,TIRA,MEDI,MEDIS,AMIS,AMIE,AMI,DIME,TAM,ARMES,ARME,",19,19,99
1815,"MAITRE,DIRE,DITES,AIDER,AIDE,MARI,MARIES,TRAM,DESIR,TIERS,TRIE,",11,11,61
1901,"MET,METS,DIRE,DIRES,DAMIER,DAMIERS,DIME,DIMES,MER,MERS,TIARE,TIARES,AIMA,AIMAS,REDIS,REDI,MATER,MATE,MATES,MAT,RAT,RATS,SERT,MES,RISE,",25,25,132
1902,"TIER,DIT,STAR,DIS,DATE,DATES,AMI,AMIE,AMIES,RIS,RITES,DISE,MIT,MISE,MET,METS,AMIS,RAT,RATS,TARD,MARDI,MARDIS,DITES,DITE,DIRE,",25,25,121
1903,"SERAI,SERAIT,AMAI,AMIT,MATER,MATE,SAIT,AIME,SAIME,DIT,DIRE,AMRE,AMARE,TER,TERS,DIS,DISE,DITE,MARE,MAR,MAI,MAIS,MER,MIR,MIRE,MAIRE,MAIRES,MERS,SERT,AIMA,AIMAS,AIMAT,AIMER,",33,33,164
1904,"DIRE,MAIS,AMITER,AMIES,AMIS,TIRE,DAS,DATER,DATE,AIMER,RAIDE,MATER,SEMI,DAMER,TRI,EDITR,EDIT,",17,17,91
1905,"MEDIT,MEDIR,AMAT,DIRE,AMAS,DIT,DERS,TER,TERS,TIERS,DAME,MADE,TAME,DIS,SERT,SARM,SAME,SAMEDI,DIAT,DISA,SERA,SERAT,SERAIT,RET,REDIT,REDIS,TIS,TISER,TIDAME,MADA,MAT,MATS,MATER,MATE,MATES,",35,34,181
1906,"TIR,RESTA,DITE,MATER,MAT,ETAI,DIR,DIRE,",8,8,36
1907,"DIT,DIRE,RAME,DIS,DAME,TIR,TIRE,TIRES,SAMEDI,MARDI,SER,TEAM,SITE,TREMIS,TREMI,",15,15,76
1908,"EDITR,DIRE,MASTER,RESTA,REDIS,TAIRE,TRAIS,DIRA,DIRAS,EDITA,TRAIES,RADIS,MARAIS,AMATS,MATER,TRAIMA,ATRAIS,MARIES,",18,17,107
1909,"AMAS,AMAR,MAIS,TAIS,TAIRE,TRES,TIR,TRIE,TRAS,TRAM,TRAME,TRAIS,TRIES,TAMIS,TAMIE,TAMIES,TAMISE,DIT,DITE,DITES,DATE,DATES,DES,TER,",24,23,119
1910,"MER,DITE,RATES,SITE,MITE,SITER,MIDE,AIDE,RAME,TER,RIS,DIS,RIT,DIT,RIDE,DAME,DAMES,",17,17,79
1911,"DIT,DIS,MATER,DIRE,TAS,TRAME,RIS,RITES,RITE,MITE,MITES,MERS,MER,TRIS,TRIE,RAS,RAT,MAIS,MAT,MATS,DES,DRAS,TIERS,RIME,RIMES,TRES,RAME,RAMES,",28,28,128
1912,"DIRE,AMATS,AMAS,DIT,DES,RITE,DATE,MAITRE,TES,MES,TIR,TRAM,SITE,TRI,TED,TRIME,ITER,",17,17,76
1913,"MER,DAMES,DIT,RATE,DAMIERS,TIERS,DIRE,AIMA,AIMER,AIMES,AIME,DIS,EST,RIS,RIA,AMATE,DITS,DITES,",18,18,90
1914,"TAMIS,DAMES,TAIE,TAIS,DIS,DIT,TRI,TRIS,MAIS,TIERS,TRIA,TRIAS,RATA,RATE,RITE,SET,RIT,RAT,DIRE,DIRES,",20,20,87
1915,"TIERS,AMAS,DATE,DATES,MAIS,MES,TES,RIDES,RIDE,TIS,DIRE,AIME,SAIT,DIS,DIT,MATES,MATE,SERA,SERAI,SIDA,TER,DAME,DAMES,DITES,DITE,AIMES,AIMER,ARET,SERT,AIMA,MIA,",31,31,150
2001,"AMAT,AMAS,TIRE,TIR,TIERS,DAME,DIMAS,ADMIS,AMATER,SIDRE,MADIRE,MADITE,DIRE,DIS,DIT,DISE,MIRE,MIR,MIRES,ADMISE,ADMET,ADMIT,MARI,MARIE,MARIES,AMARE,DAMES,TIER,TIRES,TIRS,",30,27,170
2002,"DIAMETARS,DAME,MAITERS,MADE,TIRES,TIRE,SITE,REST,RID,STAR,",10,8,56
2003,"AIMER,EDIT,DIT,DIRE,MATER,RIME,RIMES,TIRE,TIRES,DITE,EDITS,MAIS,DAME,DAMES,DIME,DIMES,TAIRE,TIERS,TIER,AMIS,AMI,TAMI,TAMIS,",23,23,122
2004,"TARE,DIT,DITE,TRI,TRIS,MATER,MATE,DIS,SERT,MAI,MAIS,MITE,SITE,MITES,TRAIS,TRAM,DATE,DATES,AIME,AIMER,TIRE,TIRA,DITES,SIRE,TIERS,AMI,AMIR,AMIE,AMIES,AMIS,TRES,",31,31,147
2005,"TIR,TIRES,TIRE,TIRA,TIRAS,MAT,MATES,MATE,MATS,DIT,DIS,DITS,TIERS,TIER,DIRA,DIRAS,AIME,AIMER,AIMES,TAIE,TAIES,DIRE,DITES,DITE,DIME,DIMAS,DIMER,DATE,DATES,DATER,MEDIR,MEDIT,MEDIS,AIDA,AIDE,AIDER,AIDES,AMI,AMIS,AMIE,AMIES,",41,41,216
2006,"DIT,DIRE,DIRES,RITES,DATER,DATE,MATER,SERAIT,SERAI,DIRAS,DIRA,TIRE,TIRES,DAMA,DAME,DAMES,MAIRE,MAIRES,MATS,MAT,ARET,ATRAIS,DAMER,REDITS,TISER,MIRAS,MIRA,MIRAT,MIDA,",29,29,161
2007,"DITE,DITES,DIT,RATE,RATES,MARDI,MAITRE,MAITRES,SERT,SERA,SERAI,SERAIT,DATA,RADIS,RADI,DIME,DIMES,DATER,DATE,DAMAS,DAMA,RIME,RIMA,RIMAS,RIA,RIAS,RIS,TIRE,TIRES,TIRA,TIRAS,",31,31,162
2008,"DITES,DAME,TIERS,DATES,DATE,TIRE,DISA,TRIS,TRIE,TRIES,RIS,RAS,RASE,MARS,AIMER,AIME,SERT,RAME,RAMES,TES,TAS,MATE,",22,22,102
2009,"TRI,DITES,MAI,AMER,SITE,REDI,DATE,TAIRE,TIRES,TIRE,RAME,RAMES,DATES,DAME,DAMES,",15,15,76
2010,"MAIS,DIT,DIRE,DIS,MARS,MARTIE,RADIS,TIERS,TIRE,MAT,MATS,TIR,TIRS,DITE,DITES,TAMIS,RESIDA,RESIDAT,RESTA,RESTAI,MARTISE,MARTI,",22,21,118
2011,"DIT,DIRE,MARS,SAMEDI,RIT,AID,AIDER,DAME,",8,8,41
2012,"DAME,DAMES,DAIM,DAIMS,MAITRE,MAITRES,DIT,DITS,DITES,DITE,MAIRE,MAIRES,RAT,RATS,DIRE,DIME,DIMES,DRAME,DRAMES,TIRE,ART,ARTS,TRI,TRIS,RADIS,TRIME,RAIDE,RAIDES,ERS,",29,29,160
2013,"DITE,DIRE,AMERS,AMER,DITES,MARES,TIERS,DAMIERS,MASTER,SET,DAIM,DAIMS,RITES,RITE,DATE,DATES,DATAI,DATAIS,TRES,TRAME,TRAMES,RISE,MITE,MITES,MATE,MATES,MATAIS,",27,27,153
2014,"DITE,MAIRE,MAIS,MAITRE,SERT,SAMEDI,DAMIER,",7,7,43
2015,"DIT,TRI,TRIE,TIR,TRIES,TIRS,TIRES,TIRA,TIRAES,DITE,DITS,DITERS,DAT,DATE,DATES,MAT,MATS,MATE,MATES,EDIT,EDITS,DAME,DAMES,DAMA,DAMAS,TAMA,TAMAS,TAMER,MATER,MATERS,DIMAT,DIMATER,ARES,AIRES,AIR,AIRS,TAIRES,MAIRE,MAIRES,MER,MERS,MARE,MARES,DASER,MASER,",45,43,240
2101,"DIT,DIRE,DARE,SER,MATE,REIM,DAR,TIRE,TAR,RAS,SIR,RIS,DIS,MAITRE,MAITRES,",15,15,66
2102,"DIT,RIT,RAT,SIER,MIT,MET,SITE,SITER,METS,DES,",10,10,40
2103,"AIDE,AIDES,MAITRES,MAITRE,DIRE,DIRES,MAT,MATS,AIDER,TAIRE,TAIRES,TIRE,TIRES,TIRA,TIRAS,TRAME,TRAMES,TRAMAIS,MARE,MARES,MARI,MARIES,MARIS,DITE,DITES,RIS,RIE,RIES,RIAS,RAIES,RAIE,RAIDE,RAIDES,",33,33,178
2104,"DIRE,DAME,AIDER,AIDE,DIT,DITES,RAIE,MATER,TIRE,TIRES,DIS,DAMES,DIMES,RIS,RIT,RIE,DISE,AIDES,MADIT,",19,18,96
2105,"DIRE,DIRES,DIS,RIDE,RIDES,SERT,TRES,MAT,MAS,MARS,MITE,MITES,MER,ERS,MARES,MAIS,RAME,RAMES,RAMA,RAMAS,AMAS,RES,MAI,AMI,AMIS,MIRE,MIRA,MIRAS,DAME,DAMES,MAITRES,MAITRE,DIME,DIMES,TIERS,TIR,TIRS,TIRA,TIRAS,TIRES,",40,40,202
2106,"AIMER,DIT,DITE,DITES,AIMA,AIMAT,AIMAS,TES,DIRE,DIRES,DIME,DIMES,TERA,AIDE,AIDES,AIDA,AIDAS,DRAME,DRAMES,SERT,SAME,SAMA,MIT,MIS,MITE,MITES,MISE,AMI,AMIS,AMIE,AMIES,AMA,SID,",33,33,172
2107,"DIRE,RATE,TRIES,TRIE,DITE,RESA,SITE,TRIS,AMI,AMIS,AMAS,AIMER,AIME,AIMA,RIDE,RAME,RAMES,DIT,SERT,RESTA,RADIS,RADI,REDIS,MIRE,MIRES,TER,TERS,",27,27,129
2108,"RIDES,TIERS,AMIES,AMIS,TRIADE,TIRADE,TIRADES,TRIADES,ARIDES,MEDIAS,TIR,TIRE,RAMES,ARMES,DITES,DIRE,RASE,ARIDE,",18,18,107
2109,"DIT,TIR,TIRS,AMARE,DAS,MAIS,MARDI,TES,DIS,DAMIER,TIRES,MET,METS,DIRE,DIRA,RITA,TER,TERS,SERT,",19,19,87
2110,"MAT,DIT,TIR,RIT,TRI,DIS,MER,RAS,SET,DIRE,TRIE,MARDI,",12,12,47
2111,"DIT,SITE,MAIS,DATES,SIR,MAI,TRIE,RESTA,REIT,SADE,DAMA,DAIM,TIRE,SIDA,AMAS,RAME,SITER,",17,17,80
2112,"MEDIAS,DITES,RAMAS,SEMAT,TAMIS,MISERA,MISER,MISE,SEMA,SEMI,DRAMES,DRAMA,DIA,ASE,SAM,DAMES,MIES,ARS,ETS,EST,TAS,TASE,TAIES,TAIE,IRAS,IRES,AMIS,AMIES,AMIE,",29,29,147
2113,"AIMER,DIT,DITE,DITES,TIRE,TER,TIRES,DIS,SERT,TRES,REDIT,AIME,AIMES,",13,13,62
2114,"DATE,DATER,DIRE,TAIRE,TAIRES,DITER,MARIE,AMAS,AMAT,DIS,DIT,RAME,RAMES,RAMI,RAMIS,RAMIT,DAME,DATA,MAITRE,MAITRES,MAIE,MASE,IDER,DITE,ADA,",25,25,135
2115,"DITE,DITES,AIME,AIMES,TRES,TAMI,DIRE,AMAT,RESTA,TIRE,TIRES,TIRA,TIRAS,DIS,DIT,DAME,DAMES,MATER,MATA,MATAS,DATE,DATES,DATA,DATAS,DIRES,TER,TIER,TIERS,TRI,TRIS,TRIA,TRIAS,MAS,MAT,MATS,",35,35,171
2201,"TIRE,RESTA,TRAIS,SERT,TARDE,TARD,SERAI,SERAIT,DIRAME,DIRAM,DIRE,",11,11,60
2202,"SERT,DIT,TER,TIERS,AMER,TAIRE,MAITRE,",7,7,33
2203,"MEDITA,TSAR,DIT,SERTI,DITE,AIMA,AIMAS,MEDIT,MEDIS,DAMA,DAME,MER,MERS,RAME,RAMES,MITES,MIT,MIS,MISE,TAS,TARD,TARDE,TARDA,DARS,SEAT,",25,25,131
2204,"TIERS,ARMAD,MER,MERS,DIT,SAM,IDTRES,ISTRE,DITES,SITE,DITE,SEI,METIRS,METIR,SET,STE,MAR,MARE,MARS,MAS,MADIS,ITER,",22,19,107
2205,"MAITRSE,DITES,DIT,DITE,MAITRES,MAIS,TER,SER,SERT,MARDI,MARIS,MARDIS,MARI,MARIES,MARIE,RIES,RIE,RITES,RITE,DIRE,DIRES,AMIE,AMIES,AMI,TIRES,TIRE,TIS,TIR,SIR,MAI,MAIT,AIMER,AIMERS,AIME,AIMA,RADIE,RADI,RAIT,RAIE,RAIES,RIT,MIE,MISE,MIS,",44,42,217
2206,"SERT,DEMAI,DEMAIS,DITES,DIT,DIS,MITES,MITE,MAT,MATS,AIMER,AIMERA,AIMERAS,SERTI,AMAS,MAS,DAME,DAMES,TRI,TRIS,TRAIS,TREMA,MATER,MATERA,MATERAS,DIRAS,DIRA,",27,26,151
2207,"DIT,DITE,MARS,MATER,DIRE,DRAME,RAME,ADMIS,ADMISE,ADMITS,ADMIRE,ADMIRES,MIT,MISE,MISER,MIRE,MIRES,MIRADE,MARI,MARIE,MARIS,MARIES,MAT,MATE,MARDI,",25,23,151
2208,"AMARS,AMAR,MAR,MARE,DIT,DIS,DITE,DITES,MIT,MITE,MITES,SER,SERT,TRAME,TRAM,SAI,SAIT,TRIMA,DIRAS,DIRA,MIRA,MAIRE,MAIRES,AMARE,TAIRE,TAIRES,TARIS,DIRES,DIRE,MER,MERS,MATE,MATES,MAT,DIES,",35,35,176
2209,"DITE,DIRE,MARE,MIRE,DAME,DAMES,MIRES,MARES,DIT,",9,9,49
2210,"AIMER,TRISE,AMAT,MAT,DIT,DIS,DIRE,MATE,MATES,TAIRE,TAIRES,TIRE,TIRES,TIRA,TIRAS,TRAIS,TRAI,TRAIE,TRAIES,MAD,MATS,SERT,SER,SERA,SERAT,STRI,STRIE,TRIE,TRIES,TRI,METRISA,MEDIR,MEDITA,",33,33,163
2211,"DIRE,DIT,DIS,DIRA,DIRAS,AIMER,AIME,AIMES,AIMA,AIMAS,AIMERA,AIMERAS,AMAT,AMATS,MAT,MATS,MEDIR,SERT,SERA,SERAT,SET,TAS,TASER,TASE,TAMER,EST,RAS,RAT,RATS,TER,",30,30,144
2212,"DAMES,DIT,DIRE,RAMES,RAME,DAME,MAITRE,MAITRES,RITES,RIME,RIMES,ITEM,ITEMS,DIRES,TIERS,EDIT,EDITS,TRI,TRAME,TRAM,AIDE,AIDES,",22,22,122
2213,"DITE,RIME,RIMA,MEDIS,AIMER,AIME,AIMES,AIMA,RITE,RITES,DAMES,DAME,DATE,DATES,DATER,MAIS,MATER,MARS,MARTE,MARTI,TRAME,TRAMES,TRAM,TRADES,RIE,RIES,SERIT,TIR,TIRS,TIRE,",30,30,159
2214,"DITES,DIT,TIERS,TAMAR,TER,REDIS,AMAT,AMA,MEDIT,SADI,TADI,SARDI,MATE,MATER,MATI,",15,15,78
2215,"MEDITA,AMIES,ADMIRES,TIRADES,RIDES,RADIS,MATERAS,DARS,TERMA,DIRES,MAITRES,TARE,MAIS,DIT,",14,14,89
2301,"AMAS,DATE,DIT,DITE,DITES,TER,TERS,DIS,DIRE,EDIT,EDITS,RESTA,RESTAI,DAME,DAMES,SAT,SAIT,SER,SERA,SERAI,SERAIT,DITS,MAS,MAR,MARE,MARES,MER,MERS,MERA,TES,TAS,",31,31,145
2302,"DIRE,DITES,DITE,AIMER,AIME,TIERS,TIER,SERA,MES,MAS,SIDA,SETA,RESTAI,AMAT,MER,",15,15,72
2303,"MARE,DATE,DITE,TASER,",4,4,20
2304,"MAIS,MATS,MAT,MER,MERS,AIDER,AIDERA,AIDERAS,AIDA,AIDE,AIDES,AIME,AIMER,AIMES,AIMERA,AIMERAS,DATE,DATES,DATER,DATERAS,DATERAIS,DATA,DATAS,MAITRE,MAITRES,MATER,MATE,MATAS,MITE,MITES,ADMET,ADMETS,ADMIS,ADMISE,ADMIRE,ADMIRAS,ADMIRA,",37,37,235
2305,"MAT,MATE,MATES,MTS,MATS,DITES,DIT,DIS,DITE,REDITS,REDIT,REDIS,RED,TER,TERS,RAME,RAMES,RAMI,RAMIS,TAMI,TAMIS,TAMISE,TAMISER,MATER,REDI,DIRE,DIRES,TIR,TIRS,TIRE,TIRA,TIRAS,DIRA,DIRAS,TAMISERA,MATERA,METARAS,META,RIS,RIT,RIA,RIDES,RIDE,RIDA,RIDAS,RIME,",46,44,239
2306,"AIMER,AIME,AIMES,DIRE,DIT,DITES,MARE,AMARE,MAS,MAT,MATER,MATES,MATE,RITES,RITE,RATE,RATES,RAT,RATS,DIME,DIMES,RIMES,RIME,AMADITER,SAIT,SITE,SIRE,MET,METS,MAIS,TER,TERS,DAME,DAMES,DAMIER,DAMIERS,TIR,TIRS,TIRE,TIRA,AIMA,AIMAS,TIRAS,RATA,RATAS,MATA,",46,45,235
2307,"DIT,RIME,MITE,TAMIS,MISER,DITE,SIRE,SITA,MET,MATE,MEDIT,MAT,ATIRE,TERA,RATE,RITE,TER,",17,17,79
2308,"TIER,ARME,DIRE,DITES,DIS,DIT,TIERS,SERT,REDIS,DART,",10,10,48
2309,"AMAS,DIRE,MER,RADIS,TIERS,MAIS,TAIRE,MAITRES,TRAMES,MISER,RIDES,AMASER,DIAMS,",13,13,76
2310,"DITES,DITE,DIT,MATE,MATER,MATAIS,MATAI,TAM,TAIE,SERA,SERAI,DIS,TERA,TERAIS,TERAI,SAM,",16,16,79
2311,"DITES,DIT,TIERS,DAME,AIDER,AIDE,AIDES,DAMER,MITE,MITES,AIS,EST,AMAR,AMARS,",14,14,73
2312,"AMAS,DIT,DITE,DITES,DIRE,DIS,AIMER,AIME,AIMES,AIMA,EMI,EMIS,TIRE,TIRES,TIRA,TIRAS,TIR,TIRS,EDIT,EDITS,",20,20,96
2313,"DITES,DITE,AIDER,DIRA,DIRAS,ATER,MAITER,MADIE,DIRE,MIE,AIMER,TAIRE,TAIRES,SERIT,DIT,DIS,RITES,",17,16,90
2314,"DITE,MAIS,TRIS,TRI,DITES,TARD,DIME,DIMES,MER,MERS,TAIS,RITE,RITES,DIRE,SERA,DATE,",16,16,77
2315,"DIRES,DATES,SATIRE,MAIS,TAIRE,DITES,SERA,SERAIT,DAME,DAMES,REDIT,REDIS,",12,12,69
2401,"DIRE,SERT,DITES,AMAT,AMATS,TERS,TIERS,RESTA,TIRE,TIRES,TIRA,DIRA,DIRAS,DIRAM,DIRAT,MAS,MAT,MATER,MATERS,AMATER,REDI,REDIS,ASI,AISER,AISA,TAIR,TAIRE,TAIRES,TAIRA,TAMER,TAMI,MIE,MIT,MES,TES,",35,35,174
2402,"DATIER,RADIS,STAR,RAMASE,REST,SAI,TISER,RASE,ERIT,RIT,MASER,MASE,ERS,TIRE,MARIE,",15,13,71
2403,"MAT,MAIS,SERT,SERTI,ARMAI,DITES,RAMAS,RAMA,RAMAIS,RAMAT,MET,METS,METIS,RADIS,RATS,RAT,TER,TERS,DIT,MADI,TRI,TRIE,TRIES,TRIA,TRIAS,AIMA,AIMER,AIMES,AIMAS,AIMAT,DAME,DAMER,DAMES,DAMAS,DAMAIS,MERITA,MERITAS,DRAMA,DRAME,DRAMES,TAIS,RADE,RADES,",43,43,236
2404,"AMIES,RAME,TIERS,DIT,MARDI,DITES,EDITS,",7,7,39
2405,"MAIS,TRI,",2,2,8
2406,"TIERS,TIER,DIT,DITS,DITE,DITES,AIMER,AIME,AIMES,DAME,DAMES,TAMI,TAMIS,TAME,MATER,MATES,MATE,MAT,MATS,AIDE,AIDES,SIDA,TRES,TRAM,TRAME,TRAMES,TIR,TIRS,TIRE,TIRES,",30,30,155
2407,"DIT,TES,DITES,RIT,RIS,RIE,RIES,MAES,MAS,MES,MIE,MIES,MITE,MITES,MIT,MITS,MAD,DIE,DIS,TER,RADIS,MARE,MARES,MARS,MAT,MATS,MATE,MATES,MARDI,MARDIS,MARTE,MARTES,AMAT,AMATS,AMAS,AMI,AMIS,AMIE,AMIES,ADMIRE,ADMIRES,ADMIRA,ADMIRAS,MIRE,MIRES,MERDA,MERDAS,AIT,AIS,AIE,AIES,TIRE,TIRA,TIRES,TIRAS,TIER,TIERS,RAT,RATS,RATE,RATES,RATA,RATAS,RITE,RIDE,RIDES,RIDAS,RIDA,",68,68,341
2408,"DIT,DITE,DATE,DATES,DAME,DAMES,TRI,TRIS,MIS,MISE,MIT,RAS,RAT,MER,MERS,AMER,AMI,AMIS,TIR,TIRS,EDIT,EDITS,MAT,MATS,DAMIERS,DAMIER,MATER,",27,27,132
2409,"MEDIATS,MEDIAT,IMEDAT,AIMER,AIME,AIMES,AIDE,AIDES,TIRS,TIRE,TIRAS,ATIRES,ATIRE,SATIR,SATIRE,DIME,DIMES,DITES,ADITER,TIR,ATIRA,DIRE,DIRAS,AMATE,RAMAS,RAMA,RAMAIS,MARAIS,AMARE,RESIDA,RESIDAT,MAITER,MAITRE,MAITRES,",34,31,207
2410,"DIT,TERS,DIRE,DITES,DIRA,DIRAS,TIRE,TIRES,TIRA,TIRAS,MAIS,RITE,RITES,DAME,DAMES,RAI,RAIE,RAIS,RAIES,DIMES,RIME,RIMES,RIMA,RIMAS,ATE,SIDA,SITE,AMADRISTE,MARIE,",29,28,149
2411,"RAT,RATE,DAMES,DAMIERS,DAMIER,DAME,DAMER,DAMERA,DAMERAT,DAMERAS,TAS,TASER,DITES,DIT,DITS,AMAT,MAT,AMAS,MATS,RATS,RATES,MIS,MISE,MISER,DISE,TISE,TISER,SERT,SER,RES,TES,AMIS,AMIES,AMI,TAMIS,DAS,TAIES,TAIE,TAIRE,TAIRES,",40,39,208
2412,"MAITRSE,MAITRE,TERA,AMATER,TIERS,TIER,AIDE,TRI,TIRS,TIR,DIT,DITE,DIR,DIRE,DITS,MAI,MAIS,RASET,MAID,SATIRE,MISER,",21,20,105
2413,"DITES,DIT,RIDES,MID,MIS,AMAIT,AIMAT,SERAIT,SERA,REDIT,RITES,SAIT,TAIS,TAIRE,TIRES,MISA,MISE,MISER,TER,",19,19,95
2414,"DAME,DATE,DATES,DIT,DITS,DIRE,DIRES,MARS,MAR,MARE,MARDI,MARDIS,MAITRES,MAIS,MEDIT,MEDIS,TER,TERS,DITE,DITES,RADIS,RADIT,SIR,SITE,SITER,",25,25,135
2415,"AMERS,AMER,AME,AMES,RAIDES,RAIDS,RAID,AMI,AMIE,AMIES,AMIS,TARDS,TARD,TARE,TARES,RATS,RAT,AIDES,AIDE,DITES,DIS,DITE,MERS,MER,TAIS,TAI,RIS,RIE,RIES,TIR,TIRS,ATIRE,DAMES,DAME,AMARES,ART,ARTS,",37,37,176
2501,"DITES,AIMER,REDIS,AMARE,DITS,DIRE,DAMES,DAME,SIRE,SAMIE,SAMIER,RITES,RITE,TARES,TARE,DAMER,ADMIRES,ADMIRE,ADMIRAT,ADMIRA,ARETS,SAM,ASME,",23,23,137
2502,"DITES,DAMIERS,DAMIER,TER,DIT,DITS,DITE,MAT,MATE,MATES,DIRE,DIRES,SET,SEMA,AMAS,TAMI,TAMIS,RIT,RIS,MARE,MARES,MAR,TID,TIE,TES,TAS,MATA,DAMA,DAMAS,TAMAS,TAMA,TERS,",32,32,157
2503,"MEDITAS,DIT,MATIS,RAMI,SERT,DIS,MARE,SERA,TIE,TIR,TER,TAR,MADI,RAMA,TAMI,TAMISA,TAMIS,MEDITA,RAMAS,RIS,RIT,DIRE,",22,22,107
2504,"AIMER,DIT,DITE,MEDIT,MEDITA,MEDITAS,MAIS,AIDER,AIDE,AIDES,MEDITS,MAITRE,MAITRES,AMAT,AMAS,MAT,MATS,AIME,AIMES,AIMA,AIMAS,ADMIRE,ADMIRES,ADMIS,ADMISE,DITES,",26,25,163
2505,"TIER,TIERS,DITE,DITES,RAME,RAMES,TRES,TARE,TARES,DIT,DIS,TRI,TRIE,TRIS,TRIES,MAIS,AMAS,AMAT,DRAME,DRAMES,TRAME,TRAMES,MATER,MATERS,MAITRES,MAITRE,MISER,MISE,MIS,MIT,MITS,RIES,RIE,TAIES,TAI,",35,35,178
2506,"DITE,DIT,SER,DATE,TIRES,TIRE,ESIT,SIT,RIS,RITE,SET,DAME,DAMES,DITES,DIRES,DIRE,TRI,TRIS,TRIES,TRIE,RIA,RIE,TAM,TADAM,STAR,TERS,DES,AME,AMES,AIME,AIMES,AIMER,AIMA,AIMAT,AIMATS,",35,33,162
2507,"DIT,DIRE,AIMER,TIRS,MARS,DITS,DITES,TIERS,ITEMS,ITEM,TIRES,SAME,REDIT,REDITS,",14,14,74
2508,"MADER,MATER,ADIS,DAMERS,DAMER,DITE,DIT,AMAS,DAMAS,RITES,RESTA,DISTE,RETAMS,TIEDA,SER,SADE,DAITE,",17,15,97
2509,"DIT,TIERS,RADIS,SAMA,SIAT,AIT,TES,MES,DES,",9,9,38
2510,"DATE,TIERS,MAIS,RAIT,DATES,TER,TERA,MEDIT,",8,8,39
2511,"RITE,MER,MERS,RIMES,DATE,DATER,DATES,RAME,RAMES,MAS,MATER,MATS,AMER,AMERS,MAIS,DIRE,DITES,SITE,DAME,DAMER,DAMES,TRES,RAIE,RAIES,DIS,",25,25,130
2512,"DIT,TIERS,MAIS,SET,SITE,SITER,TIR,RIE,RIDES,RIDE,TIRES,TIRE,DIRE,DITES,DITE,MER,SAIT,RISE,DATE,DATER,RATE,RATES,MATE,MATER,MAR,MARES,MARE,MIRE,MIRES,MITE,MITES,MES,MIS,MISE,DES,DISE,",36,36,170
2513,"DIT,AIMER,AIME,DIRE,MARE,DIS,AIMES,DITES,MER,MERS,MARES,TIERS,TIER,MAS,RIDE,RIDES,RIME,RIMES,MITES,MITE,MARS,MAI,DAME,DAMES,DIME,AMAS,RASE,RASI,MAIS,TIRE,TIRES,",31,31,157
2514,"SERT,DIT,DIS,MATE,DES,TES,MES,RAIES,RAIE,TAIRE,TAIS,SERAI,SERAIT,SERA,DARE,DAR,STAR,STAIR,TARE,TARES,MAIS,ETAIS,RIS,RIT,RIA,",25,25,107
2515,"DITES,RAMES,RAME,MAT,MATS,DAME,DAMES,DIRES,DIRE,MAIS,MAI,RESTA,TIRE,TIRES,RATES,RATE,SERT,SERA,SITE,DATE,DATES,AMATS,AMAS,TER,TERS,DAIM,DAMA,DMAI,DAMAI,DAMAIS,DIRAS,DIRA,DIMA,SAM,SEMA,",35,35,182
2601,"DATE,DATES,TISE,DAMIER,MARE,DIT,SITE,SITER,SIDA,TRAM,TRI,TRIS,",12,12,58
2602,"ASTRE,DATE,AMI,SITE,DIT,RAME,RAMES,AMIS,EDIT,EDITS,DITE,DITES,DIRE,",13,13,65
2603,"AMI,AMIE,DITE,DATE,MARS,MAIS,ADRET,TRIS,TRI,RIME,RIMES,RADIS,SERT,SEMA,RAME,RAT,RATE,DEI,REDI,REDIT,STER,STAIR,MARDI,TRIME,DIME,",25,25,123
2604,"MARS,MART,TARD,SIR,DITS,DIT,MAIS,MATS,MAT,MATER,DITER,AMIES,AMIS,AMI,RIE,RIES,SITER,SITE,DATER,DATE,DATES,TRIE,TRIS,TRI,RIS,RITE,RITES,AIDER,AIDE,AIDES,MIS,MITE,MITES,MISER,MISE,TIRE,TIRES,",37,37,176
2605,"MATE,DITE,DITES,DIRE,AMATS,AMAT,RIE,RIS,RISET,DAMER,DAME,DAMES,TER,TRAIS,TRAI,TRAIE,TRAIES,SAIT,RAT,RATS,MATES,RIDES,RIDE,DAR,AMIS,AMI,AMIES,AMIE,DATE,DATES,DATA,DATAS,",32,32,160
2606,"DIT,DITES,DIS,MAIS,DIRE,DIRES,DIRAS,DIRA,TIRES,TIRE,TIR,SERT,MER,MERS,RAT,RATS,AIR,AIRE,AIRES,MIRES,MIRS,TIRA,TIRAS,SATIR,SATIRE,SERAI,SERAIT,MIRA,MIRAS,AMA,",30,30,142
2607,"RAMES,MARIES,DATES,MAIRES,TIRES,MARIS,TARES,MARDIS,SAMEDI,AMARES,AMARE,TER,TIERS,RITES,RIES,RIS,",16,16,91
2608,"DIT,DITE,DITES,RAMAIT,DRAME,TRIMA,RIME,TRIME,RAME,RADIAT,RADIE,TRI,TIR,TRIE,TRIES,TRIS,TRIADE,RAMA,",18,18,95
2609,"TIER,TIERS,MAI,MAIS,EDIT,MARDI,RATE,RATES,RES,DIRE,DES,TES,MES,SERT,SERAI,EST,TAS,TAMIER,DAMIER,DAMIERS,SAMEDI,TRAI,TRAIE,TRAIES,RAIE,MER,MERS,MARE,MARES,MAT,MATE,MATES,MATS,TIES,TIAD,",35,35,173
2610,"DIRE,DIRES,TIER,TIERS,DIT,DITS,ARE,ARES,MIT,MIS,MISE,MISER,SITE,DIS,MIRE,MER,MERS,METRAS,METRA,",19,19,90
2611,"MITES,AIMA,AIMAS,DIT,DITE,DITES,DIRE,DIS,DITS,DIRAS,DIRA,DRAME,DRAMES,DES,ARME,ARMES,ARMA,ARMAS,TES,TER,TIRA,TIRAS,SARI,SERTI,",24,24,122
2612,"DATIER,DATES,DIRE,DITES,TER,MAIRE,MARES,MARE,DAMES,DAME,DITE,DAMIERS,DAMIER,SAM,RAME,RAMES,MARDI,MARDIS,MATE,MATES,TRAM,TRAMS,",22,21,131
2613,"MAIS,DIT,TRAME,RAME,SAIT,MARI,RAIE,RIT,TAIRE,TRAIS,MATER,REDIT,",12,12,58
2614,"MARI,TARD,DIRE,DIT,RIS,RITE,RAT,RAS,RIE,",9,9,35
2615,"DIT,MATE,RIT,RIE,DITES,RAT,TRAIS,AIMER,AIME,DIRE,RAS,",11,11,48
2701,"TIERS,METR,DITES,MAT,MATS,MATE,DIRE,AIMER,AIT,TIRS,RIDES,DIAMATS,MAIS,MARE,MAAIS,DAMES,DAME,DIT,DAMIERS,DAMIER,DITE,MITE,MITES,RIDA,",24,23,134
2702,"RITE,DAMIER,DITE,MATE,DIRE,DITES,TARE,TIRE,TIRAS,TIRA,TIRADE,AMARES,AMARE,DIMES,MITE,MITES,",16,16,88
2703,"DIRE,DIT,MAIS,TIERS,MAITRE,TRI,TRIE,AMIE,AMIES,AIMER,SITE,TIRS,TIR,TRES,",14,14,65
2704,"TIRES,DIRE,DIT,DIS,SERTI,DIRA,DIRAS,MAT,DAM,AIE,AIDE,AIDER,AIDA,ADERA,AIDERAS,",15,15,76
2705,"DAME,TIERS,AMAS,TIRS,TIRE,DAMES,RITE,RITES,RATE,RATES,AMI,AMIS,AMIR,AMIRS,TAR,TARS,MARE,MARES,TRAME,TRAMES,RADIS,TAIS,DAS,DIS,TIR,",25,24,121
2706,"DIT,MER,RAT,RATS,MERS,DITES,DIS,TIR,TIRS,SAIT,SAI,DATE,DATES,MARDI,MARDIS,",15,15,70
2707,"ADMIRE,ADMIREA,ADMI,ADMIE,ADMIR,RITE,RITES,DIR,DIT,DITE,DIRE,DET,DER,SER,SERT,SERTI,TRES,DAMER,DAMES,DAME,MAR,MARS,MAIE,MARIES,MAIS,MARIS,SIRE,SIR,TIRE,TIRES,TIR,TIRS,SITE,SITER,MER,MERS,MIT,MIR,MIRE,MIRES,MIS,TIE,TIES,MAITRE,MAITRES,ADMIRES,ADMIRAS,TAMI,TAMIS,MITER,MITE,MITES,MAT,MATS,MATE,MATER,SIME,SIM,DIET,",59,59,306
2708,"DIRE,MAIRE,TIR,TIRS,DATE,RIME,RIMES,SIR,SITE,AIME,AIMER,RIE,RIS,RITE,RITES,TRI,TRIE,TRIADE,TRAME,",19,19,87
2709,"RITE,SAMEDI,DRAME,TIRE,MARE,DITE,DITES,MATER,RIES,RIDES,TADAM,",11,10,62
2710,"DIT,MAT,SERT,AMAT,AMAS,DIRE,REST,DITES,TAS,MER,MIT,MIRE,SITE,",13,13,57
2711,"DIT,AMAT,AIMER,DIRE,DIS,TIR,MAT,MAI,MAIS,TARD,DITE,SITE,MARI,MAIRE,MER,MATE,MATES,MATER,TARDIS,",19,19,93
2712,"DIT,DITES,MARDI,DAME,DAMES,MARDIS,TRAM,TRAME,TRAMS,TRAMES,REDIT,REDIS,DITS,MAT,MATS,METS,MET,MES,TES,TRES,RAME,RAMES,RAMETS,TARE,TARES,TIR,TIRE,TIRS,TIRES,SAMEDI,",30,29,159
2713,"DIRE,SIDA,MAIRE,TRAM,DAME,",5,5,27
2714,"MASTER,DIT,TARDS,TARD,MARS,MARDI,RAIE,RAIT,RAITES,RATES,RATE,RADIS,AIDER,AIDE,AIDAS,DITES,",16,16,86
2715,"TIRE,DITES,DITE,REDIS,SAMEDI,TRI,TRIS,DISE,SERT,SERA,SERAMIT,MATER,MARDI,MARDIS,MATE,MATES,",16,16,89
2801,"MATE,SAMEDI,RAT,RATS,RADITS,RADIS,MER,AIMER,RAMES,RAME,TRISE,DATE,DATIER,DATES,MATER,",15,13,83
2802,"DIRE,DIAMA,DIT,REDIT,REDI,TIERS,MERS,RATS,RAT,RITE,RITES,AMER,AMERS,RAME,RAMES,RAMIET,",16,15,82
2803,"MAI,TRAME,DIRE,MAIRE,DISE,DRAME,SAIT,REDIT,DATE,",9,9,48
2804,"DATE,MAIRE,DIRE,AIDER,AIDE,AIDES,MARE,DATER,MAIS,AME,IRA,MEDITA,AMAD,DIME,DIMER,MIRE,ARME,ARMES,TER,AIMER,AIME,DITES,MADE,SITER,SITE,MARDI,REDIT,REDIS,SIDE,AMA,",30,30,162
2805,"AMIE,AMIS,AMIES,AMI,EDIT,MARS,DITES,MARE,MARES,AIDE,AIDES,EDITS,SERTI,",13,13,69
2806,"DIRE,MAITRE,MAITRES,DAMIER,DAMIERS,AIMER,AIME,RAIDES,RAIDE,MAIS,MAIRE,MAIRES,MEDIAT,MEDIATS,MEDIR,DISA,DIT,DIS,DITE,DITES,MATER,MATE,MATES,",23,23,144
2807,"RAIDE,RAIDES,MAT,MATS,AIDER,RADIS,AIMER,AIMERA,AIMERAS,AMI,AMIS,DATE,DATER,DERA,DATERA,DATERAI,DATERAIS,DATA,DATAS,MIE,DIT,DIS,DIRE,DIRA,DIRAS,MEDITA,MEDITAS,MEDIRA,MEDIRAT,MEDIRAS,TAMIS,TAMISE,TAMISER,TIERS,DAMIER,DAMIERS,",36,35,229
2808,"MEDIT,DIMAR,TRIME,DAMAT,AMAT,EDIT,MIR,SATE,SIR,RESAIT,TEIS,TAIRE,SIMER,TRIA,RIMA,DIRA,MADIS,TRAME,MARE,MASE,MARS,TARS,TARE,TIS,TISA,DAMTER,RAMTE,SERA,SIRA,ARA,ARES,ARE,AIR,AIRE,AIRT,AIMA,AISE,AISA,RAISA,RAISE,RAIT,RAT,TAISA,TERA,MAISE,",45,42,214
2809,"DIRE,AMAT,AMAS,SERA,RATE,RATA,RATAS,MER,MERS,DATER,DATE,DATES,MAIRE,MAIRES,DIME,DIMES,DITES,MAIS,DIS,DIT,MATER,MATE,MATES,MAT,DISA,DIRA,DIRAS,MEDITA,MEDITAS,",29,29,157
2810,"MAT,MATS,DATE,DATES,MEDIT,MEDITS,AMA,AMAT,AMAS,RES,RET,ETS,EST,EDIT,EDITS,SER,SEMA,SEMI,SEMIR,MADIT,DIT,DIRE,DIES,DITE,ITER,TERS,TERA,DITER,MAD,MADI,MER,MERS,TIS,TRIE,TRIES,TIES,TIE,MASER,MASE,",39,37,185
2811,"SERA,SERAT,DAME,DAMES,AIMER,AIME,AIMERA,AIMERAT,AIMERAS,DITE,DITES,RITE,RITES,RITA,TIER,TIERS,MID,MITE,MITER,MITERA,MITERAS,MITES,DIRE,DIRAS,DIRA,MAI,MAIS,MAIT,MET,METS,META,METAS,DATE,DATES,DATER,DATERA,DATERAI,DATERAIS,DAMIER,DAMIERS,DAMER,DAMERA,DAMERAI,",43,42,258
2812,"MAT,MER,DIT,DIS,DTIS,DITS,DAIMS,DAIM,STER,RAIDE,RAIDES,TRI,TIR,TIRS,TIRES,TIRE,DES,TIRA,ETIRA,AMAS,TRES,MIS,MISE,MISA,DAME,DAMES,MIT,MITE,MITES,SITE,SITER,TAS,RIS,RIT,RIMES,RIME,DIRE,RIA,RIAS,",39,39,180
2813,"AIRE,SAME,DITE,DITES,AIRES,TIERS,SERT,",7,7,34
2814,"DIT,TIERS,TIER,TRI,TRIS,DITS,MADER,DERMAT,MATER,MATE,MATES,MATA,MATI,MATAS,SAMEDI,DAMIER,DAMIERS,SIDA,TRIA,TRIES,TRIE,TRIAS,DITES,DIR,DIRE,TAMISER,ART,ARTS,STRI,",29,29,155
2815,"DITES,DAMES,DAME,DIT,MATER,DAMIERS,DAMIER,DIME,SERTI,SERA,REDIT,DISTA,RADIS,TADAM,",14,13,86
2901,"AMI,AMIE,AMIES,DIT,DIS,TES,AIDER,AIDE,AIDES,SER,TERS,MADIT,TERMS,TERMA,DIRE,DIRES,DRAME,DRAMES,SITE,",19,18,99
2902,"DITES,MER,DIT,DIS,MAI,RIT,MATE,MATES,TAS,TIERS,DIRE,DARE,DAR,DART,TARD,TIR,TIRE,TIRA,TIRAS,TIRAMES,MATS,MAT,MARE,DAME,TRAIS,TRES,TRAM,",27,27,126
2903,"REDIS,DITE,MERS,MER,RATE,RATES,MERDI,MARDI,MIRE,MIRES,TRIMA,TRIMAS,MATER,MATERS,DRAME,DRAMES,TREMI,TREMIS,MATE,MATES,TRIA,TRIAS,TRIE,TRIES,RAME,RATA,RIME,RIMES,DIRE,DIRA,DIRAS,",31,31,173
2904,"DIT,AMI,RIT,TIR,RIME,SATIRE,MARDI,MID,DIME,SAMEDI,",10,10,51
2905,"AMIE,AMI,DATE,MAITRE,MAITRES,DAME,EST,AIDE,AIDER,TAIRE,TIER,TIERS,RAIDE,DAMES,RAIDES,AIDES,MES,MAIS,RASE,DIT,DITES,DITE,TRI,TRIE,TRIS,SERT,",26,26,132
2906,"DIT,AMAT,AMATS,DIRE,DIRES,TIRE,TIR,DITE,DITES,TIES,TIRES,DIS,RIT,RITES,RITE,RIE,RIES,RIET,TRIS,TRI,TRIE,TRIES,MATE,MATER,MATES,TRADE,MARE,MARES,MARET,",29,29,136
2907,"DIRE,DATE,MARE,MARES,DATES,DITE,DITES,RIME,RIMES,RITE,RITES,RATE,RATES,MITE,MITES,TARE,TARES,DAME,DAMES,RATS,RAT,RAME,RAMES,",23,23,118
2908,"DIT,MIE,RIT,RAT,MER,MAS,MAT,AIT,MIT,RAD,TAS,TIR,TRI,",13,13,46
2909,"TIERS,SERT,AMAIT,AIMES,AIME,AIMER,SERTI,TIAR,TIARE,SERTA,SERA,DIT,DIRE,DIS,RESTI,RESTA,DIAMS,TERA,ITERA,DITES,MITER,MAITRE,MAITRES,MISE,",24,24,126
2910,"AMI,AIMER,DIT,MAITRE,MER,DIRE,SERT,TIER,SIED,IRA,DAME,",11,11,52
2911,"DIT,DIRE,DAMIER,DITE,DITES,TAMI,TAMIS,MARE,SATIER,AMI,AMIS,DATE,DATES,ETAIS,SET,MAI,DIS,",17,17,86
2912,"TIERS,TIER,DAMIER,DAME,MADAE,AIME,AIMER,SITE,SITER,RESIDA,AIMA,TRAME,TRAMES,AIMES,MARE,MARES,TRA,TERA,EST,ETSI,ETAM,AMATER,MATER,MATA,",24,23,129
2913,"TIERS,SIRE,SERT,REIMS,TRIE,TARIE,SITE,MITE,TAIE,DIT,DITES,DITE,MER,MARE,DIE,DIER,DAIR,MIET,MAIT,REST,TIR,SIR,DET,RIS,RAIS,MADA,TESA,TESI,",28,27,124
2914,"RADIS,DIRES,DIRAS,RITES,DITES,AIDER,SIDA,RATES,MATES,RAIDES,MAIRES,SERTI,DIRA,DAIM,DAMA,DAMAS,SERT,MAIS,TAISE,",19,19,108
2915,"DITE,DITES,DIT,TRAIS,TRAI,RASI,RAT,TAS,SAIT,TRI,TRIE,TRIES,MATE,MATES,MATER,SERA,SERAT,SEMA,MIT,MIET,MIS,",21,21,94
3001,"DITE,DITES,MAR,MARE,MARES,RATE,RATES,RADIS,MATE,MATA,MATAS,MATES,RIDA,RIDE,RIDES,TAMIS,TAMISER,MISER,MISERA,DAME,DAMES,DAMIERS,TRIAS,TRIA,TRIE,TRIES,RADE,RADES,SITE,SITERA,MERS,AMI,AMIES,AMIS,AMIE,RITE,RITES,AIME,AIMER,AIMES,AIMERA,AIMERAS,",42,42,233
3002,"DITE,DIT,DIRAS,DIRE,MARDI,SAMEDI,AIMER,TIERS,SIM,DAME,",10,10,56
3003,"SIRE,AMIE,AME,DESIR,RETA,MAT,",6,6,27
3004,"TIERS,ATIRAS,ATIRES,ATIRE,TRIAS,TRI,TRIA,TRIES,TRIE,DIRES,DIT,DIS,DIRE,RITES,RITE,REDIS,REDI,MARIES,MARIE,MARIS,TIRA,TIRAS,TIRES,TIR,TIRS,TIRE,MATS,MAT,MATES,MATAS,MATA,",31,31,152
3005,"DIRE,TIRS,TIRA,DIRA,DRAME,MAITRE,MAITRES,MAIRE,MAIRES,DITES,AMARES,DITS,DIT,DIS,RIS,RIE,RIES,DIASTRE,STRIE,TRIE,TRI,TRIS,TIRES,TRIA,TRIAS,MAT,MATS,MARI,MARIS,MARIE,MARIES,MARIA,MARIAS,",33,32,173
3006,"AIMER,AIME,AIDE,AIDER,AIDES,AIMERA,AIMERAS,MAT,SAI,SAT,DIT,DIS,DITE,DIME,MITE,MITES,DIRE,DIRES,TERA,TIERS,SIR,SITE,SITER,SERI,DISA,DISAT,RITES,RITE,DERMA,MATER,MATERS,MATA,MATAS,AIDA,AIDAS,",35,35,181
3007,"DIRE,MEDIRAS,ADMIRES,ADMIRE,ADMIRA,ADMIRAS,ADMIRAT,REDIT,EDITS,EDIT,RATE,MEDITAS,MEDITA,ARMES,ARME,EDITAS,EDITA,MARS,MARES,MARE,TRIMAS,TRIMES,TRIME,DISE,SEMI,REMIS,",26,26,171
3008,"DIT,DIRE,DIRES,DITES,DISA,AMER,AMERS,RADIS,MATE,MATER,DIS,RADIE,RADIT,TIRE,TIRES,TIRA,TIRAS,MAS,MAT,MATS,TAR,TARE,TARES,RATE,RAT,RATS,RATES,RAIE,RAIES,RAI,SIE,SIER,AMAS,TERA,TRAI,TRAIE,TRAIES,DAME,DAMER,DAMES,DAMIER,DAMIERS,EDIT,EDITS,EDITA,EDITAS,TRI,TRIS,TRIES,TRIE,RIA,RIAS,RIAT,RIATS,MER,MERS,STRIE,STRI,STRIA,",59,59,288
3009,"DIT,DAME,STER,AIT,RIS,RESTA,RIME,RIMA,DIRE,ATERA,MITE,MITRE,MER,",13,13,60
3010,"AMI,AMIE,AMIES,AMIS,DIT,DITS,SITE,SITER,MITE,MER,MERS,RESTA,TISER,ATISER,ETAI,ETAIS,DME,DAME,DAMES,DAMIER,DAMIERS,MARS,MATER,MATA,TAIS,TAI,TER,",27,27,138
3011,"MAITRE,DIRE,DAME,RAT,RATE,RIME,RIMES,TRAME,TRAMES,SIRE,MAITRES,",11,11,61
3012,"EDIT,DIRE,TIRS,RIT,RIS,TIERS,AMA,DAMES,DAME,TERS,DITERS,SIER,SERT,SERIA,SADITER,",15,13,74
3013,"AMI,AMIS,AIDER,TIR,TIRS,DAME,DAMES,DIRE,DITES,SERT,MEDIT,RADIS,DATE,DATES,SIR,TER,AIDE,AIDES,SAM,DIS,DIT,MAIRE,MER,MERS,TRAM,TRAMS,AMER,",27,27,134
3014,"DATE,MAIRE,AMAS,MAS,MASE,DITES,DITER,DATER,DATA,DATAS,DATES,DAS,RIE,MAIS,MAIRS,TRAM,TRAMS,TRAMES,TRAME,AMI,AMIS,AMIE,AMIES,AMITS,MARE,MARES,METI,MAITRE,AMITRES,MAITRES,MAITRA,METRA,RAME,RAMES,RAMAI,RAMAIS,",36,34,204
3015,"DIT,TERS,TIERS,MAI,SITER,SITE,MISER,MEDIT,TAIRE,METS,MITES,IMES,AIME,AIMER,RAIDES,RAIDE,RAID,MEDITS,MAIS,MER,MERS,TRAMES,TRAME,TRIME,TRIMA,TRIMAS,TARIES,TARIE,TRIAS,TRIES,TRIE,",31,30,168
3101,"MEDIT,DITES,DIRE,MER,RES,DIT,DIS,RIT,RIE,MAT,RAT,RATS,SER,SERT,SET,ETAS,ETAM,MATS,EMITS,EMIS,EMIRS,MEDITS,TRES,TRI,TRIS,TRIES,DITER,",27,25,121
3102,"DIT,DITES,MAI,MAIS,MAITRE,MAITRES,MEDITA,MEDITAS,MEDIRA,MEDIRAS,RAME,RAMES,AMERS,AMER,RAMAIS,AIMAS,TAIRE,TAIRAS,TAIRA,TAIE,TAIES,DES,DIRAS,DIRAT,REDIT,REDIS,RADIS,TIR,",28,28,165
3103,"DITE,AMAS,DIME,MATE,REDIT,REMAS,REMAIT,MAT,MATS,DIT,DITS,DIRE,TAMIS,TARE,TARES,TAIE,TAIES,MADRES,",18,18,95
3104,"DIS,DAME,MER,MERS,DAMES,DIT,DITES,RAME,ARME,ARMES,TAD,TAMER,MARE,MARES,",14,14,73
3105,"TRES,TIERS,TIRES,SERTI,DAMIER,ARTS,RAME,MARES,STAR,ETIRAS,TRAME,MAITRE,SATIRE,DIT,RIT,TRI,TRIME,MEDIRA,RAMAIS,MEDITA,TAIRE,AMAS,",22,22,120
3106,"TIERS,TES,DIT,DAME,DIS,SAM,DAMA,RIS,TED,",9,9,39
3107,"RITE,DAME,SIR,RIS,RIE,DIT,DITE,DITES,DATE,MAIRE,MAIRES,DATES,MAITRE,MAITRES,MER,MERS,EST,DISE,RITES,DAMES,MATE,",21,21,107
3108,"AIMER,MEDIA,DIT,DITE,DITES,TRI,TRIE,TAS,DAME,RAT,RAI,DATE,MAIRE,RAMI,TRAM,MAITRE,TRIS,",17,17,82
3109,"MEDIR,TIERS,SERTI,DITES,DITE,REDIT,RAIE,RAIES,RADIS,MARIE,MARIES,DATE,DATIERS,DATES,MARDI,MARDIS,TARE,TARIES,RETDIS,AMARS,AMARES,MAITRE,MAITRES,DATIES,DATIE,",25,23,154
3110,"MAITRE,TIERS,MET,DAME,TAS,MARE,TARE,DIS,DIT,",9,9,42
3111,"MAI,DIRE,DIRES,TAIE,RIE,RIS,RIES,TRI,TRIS,TRIME,TRIMA,TAS,RAME,RAMA,RAMAI,RAMES,RITE,RITES,RAIE,RAIES,MAR,MARS,AMARES,AMARE,RIDE,RIDES,TRAI,TRAIS,RATE,RATES,RATAI,RATAIS,DIME,DIAMS,",34,34,166
3112,"TIERS,DIT,DES,TES,MES,SERT,DATA,SAIDER,REST,RES,RESA,ATRA,MAIS,MER,TIRES,MAS,TAS,DAS,",18,18,76
3113,"DITES,MARE,TERA,MATE,MATES,DIT,DIS,SIME,MISE,MISER,TRI,TRIE,TRIES,MARS,TRES,TERS,TARE,TARES,STRIE,STRIA,MATRIS,MITE,MITES,MITER,RESTA,",25,24,123
3114,"MAITRE,DITES,DIRE,TIERS,MEDIT,MATER,MATE,MARE,MARES,MAITRES,DIT,DIS,DITE,MAIRE,MAIRES,MAIS,MAI,TRAIS,TRI,TRIS,MATES,TRAM,",22,22,118
3115,"AMAT,TIERS,DIT,RIT,DAME,DAMIERS,DAMIER,DATES,AIDE,MAITRES,AIDES,AIDER,RESTA,TIED,TIEDA,MADATS,ERA,",17,16,98
